UserID,Timestamp,Device Type,Pulse Rate (bpm),Body Temperature (Â°F),Proximity to Unfamiliar Devices,Ambient Noise Level (dB),Movement Pattern,Stress Indicator,User Behavior
050,2023-11-01 15:56:34,Earring,113,99.3,Medium,66,Irregular,Yes,Sedentary
083,2023-11-12 12:29:34,Ring,76,98.6,Low,55,Irregular,No,Sedentary
071,2023-11-09 10:58:07,Earring,92,99.3,Medium,77,Normal,Yes,Active
070,2023-11-28 11:53:02,Ring,112,98.2,Low,87,Irregular,Yes,Sedentary
055,2023-11-08 00:22:00,Ring,66,98.8,Low,77,Irregular,No,Sedentary
013,2023-11-19 09:29:37,Earring,62,97.9,High,51,Irregular,No,Stressed
016,2023-11-29 16:42:05,Ring,96,98.3,High,66,Irregular,No,Active
047,2023-11-21 12:24:06,Earring,74,98.8,High,94,Irregular,No,Stressed
042,2023-11-11 03:14:27,Shoe,90,99.1,High,35,Normal,Yes,Stressed
042,2023-11-18 19:20:28,Ring,116,98.5,Medium,43,Normal,Yes,Sedentary
089,2023-11-18 20:38:18,Earring,77,98.2,Low,42,Normal,No,Calm
002,2023-11-24 02:43:14,Shoe,65,98.3,Low,94,Normal,No,Stressed
075,2023-11-15 05:23:21,Earring,89,98.8,Medium,76,Irregular,No,Calm
059,2023-11-29 04:38:10,Shoe,62,98.0,High,46,Normal,No,Calm
085,2023-11-09 05:21:08,Earring,80,99.0,Low,75,Irregular,No,Sedentary
031,2023-11-15 21:37:34,Ring,162,98.7,High,49,Irregular,Yes,Active
055,2023-11-06 03:53:03,Shoe,103,98.6,Low,95,Irregular,Yes,Calm
045,2023-11-11 09:04:42,Earring,91,99.1,High,71,Irregular,Yes,Calm
023,2023-11-11 20:36:39,Ring,102,98.9,High,44,Irregular,Yes,Active
062,2023-11-26 13:51:05,Shoe,83,98.8,Medium,31,Normal,No,Stressed
016,2023-11-25 11:20:00,Ring,97,98.3,High,73,Irregular,No,Calm
078,2023-11-26 09:49:11,Shoe,110,99.2,Low,87,Irregular,Yes,Active
087,2023-11-03 02:04:09,Earring,93,98.5,Low,74,Normal,No,Active
084,2023-11-23 14:31:54,Shoe,62,98.2,Low,96,Normal,No,Active
096,2023-11-07 09:37:41,Earring,98,98.3,Low,81,Normal,No,Calm
070,2023-11-10 02:09:15,Ring,120,98.4,Medium,91,Irregular,Yes,Calm
033,2023-11-18 00:15:18,Shoe,89,98.2,Low,51,Normal,No,Active
080,2023-11-06 14:25:12,Earring,77,98.7,Medium,48,Irregular,No,Sedentary
021,2023-11-09 23:39:26,Earring,67,99.1,Medium,43,Normal,Yes,Calm
004,2023-11-19 17:43:58,Shoe,60,98.8,Medium,71,Irregular,No,Active
063,2023-11-16 11:48:06,Ring,117,98.9,High,48,Normal,Yes,Sedentary
021,2023-11-07 01:29:18,Shoe,124,97.7,High,68,Irregular,Yes,Sedentary
074,2023-11-26 06:05:04,Shoe,115,97.9,Medium,42,Irregular,Yes,Stressed
062,2023-11-05 05:50:46,Ring,109,98.2,Low,84,Irregular,Yes,Active
085,2023-11-27 01:29:45,Earring,86,98.7,Medium,98,Normal,No,Calm
042,2023-11-22 11:59:51,Ring,86,99.3,High,85,Irregular,Yes,Active
037,2023-11-13 06:01:17,Ring,76,98.2,Low,62,Irregular,No,Sedentary
002,2023-11-01 23:35:14,Ring,112,97.8,Low,83,Normal,Yes,Sedentary
022,2023-11-27 01:38:40,Ring,82,98.9,High,58,Irregular,No,Calm
063,2023-11-29 21:00:01,Earring,113,98.6,Low,51,Irregular,Yes,Stressed
019,2023-11-02 18:40:03,Earring,91,98.5,Low,36,Irregular,No,Stressed
022,2023-11-22 12:14:05,Earring,109,98.8,High,89,Normal,Yes,Active
095,2023-11-26 04:49:20,Ring,111,98.8,Medium,74,Normal,Yes,Stressed
082,2023-11-08 21:42:05,Shoe,158,98.1,Medium,58,Irregular,Yes,Calm
086,2023-11-10 14:17:51,Shoe,105,99.3,Medium,69,Normal,Yes,Calm
009,2023-11-19 04:43:52,Shoe,74,98.2,High,98,Normal,No,Stressed
086,2023-11-18 11:58:19,Earring,77,98.7,High,100,Irregular,No,Sedentary
091,2023-11-17 19:48:48,Shoe,137,98.8,Medium,41,Irregular,Yes,Stressed
095,2023-11-01 07:38:10,Ring,110,98.0,Medium,58,Normal,Yes,Stressed
041,2023-11-29 15:17:18,Earring,61,98.5,Low,92,Normal,No,Active
068,2023-11-05 23:14:07,Ring,116,98.2,Medium,100,Irregular,Yes,Calm
052,2023-11-25 15:18:34,Earring,119,98.0,Medium,34,Irregular,Yes,Stressed
087,2023-11-04 19:11:28,Shoe,99,98.0,Low,87,Normal,No,Active
077,2023-11-14 20:27:52,Earring,120,99.6,Medium,60,Irregular,Yes,Active
037,2023-11-02 14:55:42,Ring,109,98.9,High,35,Irregular,Yes,Active
050,2023-11-05 23:16:43,Shoe,109,98.3,High,94,Normal,Yes,Calm
007,2023-11-20 15:54:13,Earring,66,98.4,Medium,95,Irregular,No,Active
091,2023-11-26 12:41:41,Shoe,61,98.0,Low,100,Normal,No,Sedentary
018,2023-11-16 17:35:22,Shoe,87,99.0,Low,88,Irregular,No,Calm
071,2023-11-03 06:23:14,Ring,102,98.1,Low,98,Normal,Yes,Active
051,2023-11-24 06:08:01,Earring,63,98.4,Medium,58,Normal,No,Active
012,2023-11-12 00:12:48,Earring,79,98.4,High,39,Irregular,No,Active
055,2023-11-29 21:16:22,Ring,79,98.8,Low,47,Normal,No,Sedentary
037,2023-11-12 07:09:30,Ring,69,99.0,High,85,Normal,No,Stressed
067,2023-11-16 08:34:51,Ring,99,98.7,Medium,89,Irregular,No,Active
023,2023-11-20 13:36:10,Ring,69,98.5,Medium,83,Normal,No,Sedentary
060,2023-11-24 23:45:46,Earring,158,98.5,Medium,65,Normal,Yes,Calm
074,2023-11-08 09:51:40,Ring,82,98.2,Low,55,Irregular,No,Active
099,2023-11-28 11:51:38,Shoe,104,98.7,Medium,61,Normal,Yes,Active
062,2023-11-27 17:42:31,Ring,66,97.9,Medium,57,Irregular,No,Sedentary
070,2023-11-15 20:25:06,Shoe,90,98.7,Low,39,Normal,No,Stressed
013,2023-11-19 18:20:03,Shoe,117,99.2,Low,60,Irregular,Yes,Sedentary
010,2023-11-03 19:39:00,Ring,88,99.3,High,94,Normal,Yes,Stressed
074,2023-11-12 23:01:14,Ring,64,98.3,Low,40,Normal,No,Stressed
042,2023-11-06 15:38:13,Shoe,104,98.5,Low,100,Irregular,Yes,Active
079,2023-11-27 22:53:42,Earring,148,99.2,High,31,Normal,Yes,Calm
038,2023-11-25 02:38:38,Shoe,70,98.8,High,43,Irregular,No,Sedentary
097,2023-11-08 17:28:45,Earring,118,98.5,Medium,47,Irregular,Yes,Active
027,2023-11-09 13:43:02,Earring,113,97.9,Low,75,Irregular,Yes,Sedentary
084,2023-11-22 14:23:46,Ring,87,98.7,Medium,67,Irregular,No,Calm
096,2023-11-20 21:28:08,Shoe,90,98.7,Low,87,Irregular,No,Active
037,2023-11-09 15:37:44,Earring,117,97.8,High,61,Normal,Yes,Active
066,2023-11-02 10:46:20,Shoe,98,99.0,Medium,57,Irregular,No,Active
008,2023-11-29 20:29:45,Shoe,106,97.9,Low,46,Normal,Yes,Sedentary
017,2023-11-23 00:38:26,Earring,76,98.8,Medium,79,Irregular,No,Calm
061,2023-11-04 12:52:00,Ring,99,99.2,Low,62,Normal,Yes,Active
004,2023-11-12 12:10:32,Shoe,108,99.2,Medium,49,Irregular,Yes,Sedentary
080,2023-11-05 18:00:41,Earring,108,98.5,Low,80,Normal,Yes,Active
027,2023-11-03 14:48:51,Earring,120,99.3,Medium,40,Normal,Yes,Stressed
070,2023-11-24 01:39:57,Earring,76,98.5,Low,46,Irregular,No,Stressed
075,2023-11-05 20:54:35,Shoe,94,97.7,High,55,Irregular,No,Sedentary
086,2023-11-24 06:45:12,Shoe,94,99.0,High,41,Irregular,No,Sedentary
065,2023-11-25 11:12:31,Earring,100,98.8,High,88,Irregular,No,Sedentary
039,2023-11-29 15:13:40,Ring,85,99.1,Medium,52,Normal,Yes,Calm
077,2023-11-27 16:18:40,Ring,98,98.4,Low,98,Irregular,No,Active
005,2023-11-23 01:37:23,Shoe,116,98.3,High,31,Normal,Yes,Calm
064,2023-11-28 05:58:39,Ring,102,97.8,Low,60,Normal,Yes,Stressed
008,2023-11-28 22:01:11,Earring,113,99.3,Medium,48,Irregular,Yes,Active
043,2023-11-05 03:20:09,Shoe,105,98.9,Medium,90,Normal,Yes,Calm
096,2023-11-23 11:50:05,Shoe,69,98.3,Medium,71,Irregular,No,Calm
076,2023-11-10 08:01:49,Earring,63,99.1,Medium,34,Normal,Yes,Calm
014,2023-11-13 03:04:55,Shoe,106,99.3,Medium,48,Irregular,Yes,Stressed
085,2023-11-25 11:52:44,Shoe,75,99.0,Medium,41,Normal,No,Active
023,2023-11-10 05:59:06,Ring,120,98.2,Medium,81,Irregular,Yes,Stressed
030,2023-11-02 04:15:22,Ring,66,98.2,High,88,Irregular,No,Stressed
067,2023-11-09 05:11:13,Ring,79,98.5,High,48,Irregular,No,Sedentary
061,2023-11-04 23:23:31,Shoe,64,98.8,Medium,71,Normal,No,Active
049,2023-11-29 12:45:12,Shoe,106,99.2,High,97,Irregular,Yes,Stressed
016,2023-11-10 23:43:03,Earring,98,98.9,Low,87,Normal,No,Stressed
010,2023-11-05 08:04:55,Shoe,113,98.2,Medium,84,Normal,Yes,Sedentary
071,2023-11-29 21:14:33,Ring,110,97.8,High,49,Normal,Yes,Active
063,2023-11-05 01:21:51,Earring,71,98.8,Medium,55,Irregular,No,Calm
002,2023-11-20 05:31:13,Shoe,72,98.6,Medium,73,Normal,No,Calm
014,2023-11-08 01:55:36,Shoe,176,98.7,Medium,44,Normal,Yes,Sedentary
008,2023-11-05 03:09:10,Shoe,79,98.6,High,93,Irregular,No,Calm
093,2023-11-05 16:58:15,Ring,78,99.2,Low,75,Irregular,Yes,Stressed
061,2023-11-19 08:00:46,Earring,60,99.1,High,69,Irregular,Yes,Sedentary
058,2023-11-17 17:47:23,Shoe,110,98.7,Low,84,Normal,Yes,Stressed
028,2023-11-29 11:59:41,Ring,117,98.0,Low,48,Normal,Yes,Sedentary
075,2023-11-04 23:13:57,Ring,117,99.3,Medium,92,Normal,Yes,Sedentary
087,2023-11-02 08:50:27,Ring,131,99.3,Medium,67,Irregular,Yes,Sedentary
002,2023-11-14 02:34:56,Earring,87,98.7,High,45,Irregular,No,Sedentary
080,2023-11-15 05:48:26,Shoe,86,98.8,Low,96,Irregular,No,Active
025,2023-11-03 04:45:31,Shoe,85,97.7,Low,49,Normal,No,Calm
016,2023-11-19 20:46:43,Earring,99,98.9,High,72,Irregular,No,Active
050,2023-11-22 21:22:02,Earring,60,99.9,Low,59,Irregular,Yes,Active
080,2023-11-06 04:01:50,Ring,115,98.7,Low,90,Normal,Yes,Stressed
097,2023-11-22 14:46:54,Ring,116,98.7,High,87,Normal,Yes,Active
016,2023-11-04 05:04:24,Earring,136,98.8,Medium,65,Irregular,Yes,Sedentary
060,2023-11-14 18:51:16,Earring,71,97.8,Low,47,Irregular,No,Sedentary
051,2023-11-25 03:06:33,Shoe,91,98.9,High,42,Normal,No,Active
003,2023-11-10 13:14:51,Shoe,111,98.5,High,68,Normal,Yes,Active
063,2023-11-03 10:04:45,Ring,115,99.2,Medium,43,Irregular,Yes,Stressed
038,2023-11-08 17:53:18,Ring,77,98.8,Medium,90,Normal,No,Sedentary
062,2023-11-08 07:27:29,Shoe,82,98.5,Medium,83,Normal,No,Calm
088,2023-11-24 02:19:09,Shoe,101,99.3,High,90,Irregular,Yes,Active
065,2023-11-27 21:16:42,Earring,64,99.3,Medium,89,Normal,Yes,Calm
075,2023-11-23 15:30:33,Shoe,67,98.7,High,63,Irregular,No,Calm
007,2023-11-14 16:13:19,Earring,118,99.2,Medium,30,Irregular,Yes,Active
013,2023-11-18 17:29:48,Ring,76,98.8,Low,61,Normal,No,Stressed
047,2023-11-29 18:02:56,Earring,75,97.4,Low,86,Irregular,No,Active
005,2023-11-09 04:03:41,Ring,61,99.4,High,56,Normal,Yes,Calm
079,2023-11-07 15:53:53,Earring,61,97.9,High,56,Irregular,No,Sedentary
093,2023-11-04 18:35:17,Earring,94,98.5,High,75,Normal,No,Calm
049,2023-11-26 04:59:32,Ring,93,98.0,Low,100,Irregular,No,Sedentary
046,2023-11-22 08:51:32,Shoe,80,98.7,Medium,54,Normal,No,Calm
037,2023-11-27 11:21:13,Shoe,73,99.0,Low,46,Irregular,No,Sedentary
095,2023-11-07 08:42:26,Ring,88,97.8,High,63,Irregular,No,Calm
072,2023-11-05 10:39:16,Shoe,123,98.2,Low,74,Irregular,Yes,Calm
040,2023-11-03 17:36:07,Shoe,96,97.6,Medium,63,Normal,No,Calm
081,2023-11-12 11:49:51,Shoe,68,99.0,Low,36,Irregular,No,Stressed
050,2023-11-21 07:41:48,Ring,98,99.2,High,35,Irregular,Yes,Calm
064,2023-11-02 22:34:57,Shoe,68,98.1,Medium,52,Irregular,No,Calm
027,2023-11-10 08:29:05,Ring,107,98.2,High,38,Irregular,Yes,Calm
038,2023-11-05 02:14:31,Shoe,105,97.8,Low,44,Normal,Yes,Stressed
019,2023-11-20 22:26:46,Ring,64,98.1,Medium,31,Irregular,No,Sedentary
079,2023-11-18 07:54:44,Earring,60,98.4,Medium,33,Irregular,No,Sedentary
059,2023-11-12 13:52:29,Earring,72,99.2,Medium,35,Irregular,Yes,Active
074,2023-11-07 00:08:09,Ring,96,98.7,High,55,Irregular,No,Calm
089,2023-11-23 14:06:33,Earring,83,98.5,Medium,81,Normal,No,Calm
044,2023-11-02 10:35:11,Shoe,168,99.5,Low,71,Irregular,Yes,Active
091,2023-11-04 01:36:58,Earring,119,98.5,Medium,72,Irregular,Yes,Active
041,2023-11-29 16:41:55,Ring,119,97.9,High,92,Normal,Yes,Active
100,2023-11-24 13:43:03,Ring,101,98.8,Medium,94,Irregular,Yes,Stressed
031,2023-11-07 01:17:14,Shoe,67,98.9,Low,73,Normal,No,Stressed
046,2023-11-25 17:50:11,Ring,104,99.0,High,59,Normal,Yes,Stressed
098,2023-11-07 11:40:49,Shoe,112,98.8,Medium,36,Normal,Yes,Active
013,2023-11-02 00:29:10,Ring,102,98.6,High,85,Normal,Yes,Active
054,2023-11-28 06:59:33,Earring,88,98.2,High,47,Normal,No,Active
098,2023-11-03 07:26:41,Earring,60,98.3,Low,78,Normal,No,Stressed
100,2023-11-19 00:45:13,Ring,87,98.2,High,93,Normal,No,Stressed
042,2023-11-28 11:41:29,Shoe,77,98.3,Low,49,Irregular,No,Sedentary
056,2023-11-11 09:41:45,Shoe,86,99.5,Low,63,Normal,Yes,Sedentary
011,2023-11-05 21:51:14,Earring,94,99.7,High,41,Irregular,Yes,Sedentary
059,2023-11-01 16:52:31,Ring,65,99.1,Medium,64,Normal,Yes,Active
039,2023-11-09 11:09:37,Shoe,117,98.7,Low,89,Irregular,Yes,Calm
089,2023-11-17 07:46:23,Ring,75,97.7,High,41,Normal,No,Sedentary
031,2023-11-25 11:12:23,Earring,108,99.3,Medium,31,Irregular,Yes,Calm
054,2023-11-29 03:53:36,Ring,63,97.9,High,55,Irregular,No,Sedentary
030,2023-11-14 16:49:12,Earring,110,97.7,Low,38,Normal,Yes,Active
059,2023-11-02 02:12:58,Ring,118,98.4,High,72,Irregular,Yes,Active
046,2023-11-29 21:52:43,Shoe,67,97.9,High,59,Irregular,No,Sedentary
005,2023-11-21 11:22:07,Ring,84,98.8,Low,59,Irregular,No,Sedentary
090,2023-11-25 04:17:54,Ring,91,98.1,High,33,Normal,No,Stressed
097,2023-11-26 23:10:59,Shoe,151,97.6,High,56,Irregular,Yes,Sedentary
018,2023-11-18 15:51:49,Earring,67,99.2,Medium,49,Irregular,Yes,Calm
070,2023-11-14 17:36:25,Ring,84,98.2,Low,78,Irregular,No,Active
080,2023-11-07 06:22:28,Ring,91,98.1,High,59,Normal,No,Sedentary
010,2023-11-25 10:05:55,Ring,79,98.7,Medium,71,Irregular,No,Stressed
012,2023-11-24 22:23:42,Earring,72,97.8,Low,61,Normal,No,Stressed
005,2023-11-21 04:14:09,Ring,69,98.6,Medium,87,Normal,No,Stressed
095,2023-11-21 02:45:41,Shoe,96,98.6,High,94,Irregular,No,Calm
063,2023-11-14 15:40:41,Earring,95,100.0,Low,40,Irregular,Yes,Sedentary
038,2023-11-27 18:08:49,Shoe,99,99.0,Medium,64,Normal,No,Sedentary
021,2023-11-18 12:54:14,Shoe,116,98.6,High,66,Normal,Yes,Active
005,2023-11-15 03:04:08,Earring,108,99.1,High,46,Normal,Yes,Calm
009,2023-11-01 18:56:43,Shoe,106,98.0,High,75,Normal,Yes,Active
060,2023-11-14 03:20:38,Earring,78,98.8,High,49,Irregular,No,Sedentary
019,2023-11-09 10:38:24,Ring,103,98.7,High,93,Normal,Yes,Stressed
079,2023-11-26 20:10:24,Earring,73,98.7,High,75,Irregular,No,Active
014,2023-11-02 22:09:49,Ring,70,98.0,Medium,38,Normal,No,Active
071,2023-11-02 07:17:52,Earring,61,98.8,High,33,Normal,No,Stressed
092,2023-11-11 09:20:49,Earring,102,99.7,Medium,88,Normal,Yes,Stressed
030,2023-11-14 09:16:13,Shoe,83,98.3,Low,88,Irregular,No,Active
079,2023-11-13 03:49:35,Shoe,72,99.4,Medium,30,Normal,Yes,Active
011,2023-11-09 17:09:20,Earring,105,98.6,High,86,Irregular,Yes,Active
045,2023-11-03 09:41:37,Ring,115,98.1,Medium,84,Irregular,Yes,Stressed
095,2023-11-17 12:25:02,Earring,106,99.0,High,97,Normal,Yes,Calm
071,2023-11-23 01:31:33,Shoe,68,99.0,Medium,59,Normal,No,Stressed
078,2023-11-27 15:10:49,Ring,74,97.7,High,96,Irregular,No,Sedentary
052,2023-11-27 14:37:40,Shoe,71,97.3,Low,37,Normal,No,Stressed
027,2023-11-06 01:06:36,Shoe,69,98.3,Medium,69,Normal,No,Active
017,2023-11-09 14:06:44,Shoe,64,98.7,High,81,Normal,No,Calm
083,2023-11-17 06:10:31,Shoe,65,99.5,Medium,32,Irregular,Yes,Stressed
059,2023-11-27 01:09:17,Shoe,69,98.7,Medium,88,Irregular,No,Calm
077,2023-11-07 03:49:15,Shoe,96,98.8,Medium,65,Normal,No,Sedentary
017,2023-11-28 20:09:11,Ring,93,98.8,High,78,Irregular,No,Calm
052,2023-11-28 21:38:54,Shoe,89,98.4,High,58,Irregular,No,Stressed
031,2023-11-02 14:32:08,Earring,90,98.6,Low,99,Normal,No,Stressed
088,2023-11-09 22:35:55,Ring,99,97.9,Medium,70,Irregular,No,Sedentary
048,2023-11-22 03:24:09,Ring,115,98.3,High,53,Irregular,Yes,Sedentary
062,2023-11-10 05:29:42,Earring,105,98.9,Low,41,Normal,Yes,Active
015,2023-11-21 02:11:48,Shoe,101,99.0,High,48,Irregular,Yes,Active
023,2023-11-21 22:18:38,Earring,96,98.0,Low,68,Irregular,No,Stressed
036,2023-11-07 09:32:30,Shoe,80,99.9,Low,48,Normal,Yes,Calm
057,2023-11-12 03:19:08,Earring,93,98.7,Low,79,Irregular,No,Active
032,2023-11-04 21:58:08,Shoe,80,98.5,Low,91,Irregular,No,Sedentary
090,2023-11-04 08:24:10,Ring,73,99.1,Medium,94,Irregular,Yes,Active
075,2023-11-02 09:34:22,Earring,69,98.7,Low,31,Normal,No,Sedentary
002,2023-11-27 23:21:11,Earring,113,98.7,Low,84,Irregular,Yes,Calm
024,2023-11-22 11:51:07,Earring,168,99.0,Low,34,Irregular,Yes,Active
084,2023-11-07 01:46:26,Shoe,76,98.2,Medium,63,Normal,No,Calm
093,2023-11-25 21:36:53,Ring,80,98.4,Medium,53,Irregular,No,Sedentary
041,2023-11-14 17:27:37,Shoe,70,98.7,High,72,Irregular,No,Calm
013,2023-11-01 21:32:08,Shoe,66,97.8,High,90,Irregular,No,Stressed
063,2023-11-08 03:09:51,Shoe,82,98.6,Medium,46,Normal,No,Calm
040,2023-11-17 07:11:37,Earring,105,98.8,Medium,75,Irregular,Yes,Sedentary
051,2023-11-25 04:31:39,Shoe,90,99.4,Medium,30,Normal,Yes,Active
014,2023-11-13 23:29:18,Earring,96,98.5,High,96,Normal,No,Calm
050,2023-11-24 16:43:29,Shoe,102,98.5,Medium,34,Normal,Yes,Sedentary
069,2023-11-19 22:03:18,Shoe,69,98.7,Medium,43,Normal,No,Stressed
096,2023-11-06 06:29:47,Ring,92,97.6,Low,44,Normal,No,Calm
028,2023-11-12 07:25:37,Ring,68,99.1,Low,64,Normal,Yes,Calm
090,2023-11-09 06:14:35,Shoe,108,98.5,Low,79,Normal,Yes,Calm
012,2023-11-07 10:11:11,Earring,97,98.5,Medium,76,Irregular,No,Active
031,2023-11-09 04:43:59,Earring,165,99.2,Medium,63,Irregular,Yes,Stressed
092,2023-11-29 03:59:03,Earring,108,98.7,Medium,46,Irregular,Yes,Active
078,2023-11-16 00:14:52,Shoe,75,98.2,Low,75,Normal,No,Active
042,2023-11-02 19:44:07,Earring,115,97.8,Low,70,Normal,Yes,Sedentary
097,2023-11-24 23:33:31,Earring,117,99.6,Medium,72,Irregular,Yes,Stressed
016,2023-11-05 10:38:17,Ring,92,98.4,High,37,Irregular,No,Active
026,2023-11-28 01:39:00,Shoe,94,98.7,High,55,Irregular,No,Sedentary
083,2023-11-14 02:05:22,Shoe,73,99.5,High,65,Normal,Yes,Calm
030,2023-11-29 10:42:12,Earring,112,98.5,Medium,64,Irregular,Yes,Calm
036,2023-11-16 01:04:50,Ring,66,99.1,Low,69,Irregular,Yes,Stressed
036,2023-11-26 09:27:12,Earring,69,98.1,Low,44,Irregular,No,Calm
088,2023-11-13 20:37:09,Earring,70,99.0,Low,39,Normal,No,Sedentary
036,2023-11-27 15:46:01,Shoe,106,98.5,Low,61,Normal,Yes,Sedentary
060,2023-11-23 21:47:03,Earring,115,99.6,Medium,50,Irregular,Yes,Stressed
025,2023-11-18 01:43:46,Earring,100,99.1,Medium,79,Normal,Yes,Sedentary
087,2023-11-11 13:32:04,Earring,63,99.3,Low,89,Irregular,Yes,Stressed
027,2023-11-03 11:02:28,Shoe,106,97.7,High,56,Normal,Yes,Active
075,2023-11-19 08:26:12,Earring,88,98.7,Medium,69,Normal,No,Sedentary
083,2023-11-29 18:30:25,Shoe,99,98.5,Low,81,Irregular,No,Calm
034,2023-11-22 07:41:09,Earring,107,98.8,High,67,Irregular,Yes,Calm
010,2023-11-02 19:29:28,Ring,100,99.5,Medium,39,Normal,Yes,Calm
010,2023-11-11 12:47:44,Earring,89,99.2,High,98,Irregular,Yes,Active
042,2023-11-01 16:25:45,Shoe,100,98.9,High,45,Normal,No,Stressed
046,2023-11-16 11:42:41,Ring,79,98.3,High,94,Normal,No,Calm
043,2023-11-23 03:48:33,Shoe,110,99.0,Medium,31,Irregular,Yes,Calm
013,2023-11-24 20:05:43,Earring,110,98.0,High,73,Normal,Yes,Stressed
027,2023-11-27 22:19:11,Shoe,87,99.0,Low,32,Normal,No,Sedentary
056,2023-11-25 15:25:05,Ring,121,99.4,High,94,Irregular,Yes,Calm
032,2023-11-23 17:35:06,Ring,61,98.4,Low,33,Normal,No,Active
041,2023-11-08 21:52:32,Shoe,74,98.7,High,73,Normal,No,Stressed
018,2023-11-08 20:49:06,Earring,114,98.0,High,62,Irregular,Yes,Stressed
019,2023-11-29 19:54:11,Earring,90,98.2,High,54,Irregular,No,Active
062,2023-11-22 16:28:45,Earring,61,97.8,Medium,40,Normal,No,Active
017,2023-11-23 22:26:36,Earring,178,98.7,High,39,Irregular,Yes,Sedentary
035,2023-11-01 20:16:03,Earring,104,99.1,Low,85,Normal,Yes,Active
015,2023-11-16 03:18:40,Ring,98,97.9,Medium,73,Irregular,No,Sedentary
002,2023-11-16 19:29:55,Earring,67,98.3,Medium,33,Irregular,No,Sedentary
079,2023-11-04 18:15:58,Earring,99,98.5,Medium,80,Normal,No,Active
005,2023-11-11 09:54:17,Ring,72,97.9,Low,95,Normal,No,Sedentary
012,2023-11-04 00:39:19,Shoe,71,98.7,High,45,Irregular,No,Calm
089,2023-11-26 12:22:37,Ring,91,97.9,High,100,Normal,No,Stressed
074,2023-11-29 02:11:44,Shoe,96,99.2,High,60,Normal,Yes,Sedentary
049,2023-11-12 11:55:50,Ring,116,98.6,Medium,44,Normal,Yes,Active
047,2023-11-22 22:13:10,Ring,96,98.9,Low,46,Normal,No,Stressed
091,2023-11-02 14:57:01,Shoe,134,99.2,Medium,42,Irregular,Yes,Calm
056,2023-11-08 04:35:09,Shoe,76,99.1,High,68,Normal,Yes,Sedentary
002,2023-11-29 05:43:36,Earring,73,97.7,Low,59,Irregular,No,Active
027,2023-11-13 19:26:58,Ring,93,97.9,Low,91,Irregular,No,Active
067,2023-11-08 13:00:27,Earring,95,99.3,High,49,Normal,Yes,Active
027,2023-11-22 02:02:16,Ring,116,99.2,Low,69,Normal,Yes,Stressed
064,2023-11-28 20:18:11,Shoe,61,98.2,Medium,37,Irregular,No,Sedentary
065,2023-11-13 04:26:41,Ring,109,98.4,Low,62,Normal,Yes,Calm
005,2023-11-17 01:05:16,Earring,85,98.3,High,43,Normal,No,Sedentary
033,2023-11-28 03:28:08,Ring,103,98.5,Medium,83,Normal,Yes,Calm
043,2023-11-08 03:47:22,Earring,80,98.6,Medium,52,Normal,No,Stressed
001,2023-11-06 22:55:21,Earring,108,98.8,Low,53,Irregular,Yes,Stressed
013,2023-11-14 15:37:58,Ring,64,99.2,High,96,Irregular,Yes,Sedentary
059,2023-11-17 08:36:33,Ring,61,98.5,High,55,Irregular,No,Sedentary
020,2023-11-17 09:58:49,Shoe,105,98.5,Medium,63,Irregular,Yes,Stressed
023,2023-11-29 03:02:58,Shoe,92,98.2,Medium,65,Normal,No,Sedentary
022,2023-11-17 06:05:25,Earring,115,98.8,Low,84,Irregular,Yes,Stressed
001,2023-11-17 11:05:10,Earring,82,98.1,Medium,78,Irregular,No,Sedentary
027,2023-11-01 04:40:46,Ring,83,98.3,High,48,Normal,No,Stressed
022,2023-11-12 21:18:47,Ring,107,98.9,Medium,44,Normal,Yes,Sedentary
057,2023-11-13 18:06:41,Shoe,85,98.4,High,66,Normal,No,Stressed
053,2023-11-01 22:42:36,Shoe,62,98.3,High,76,Irregular,No,Sedentary
020,2023-11-09 23:48:34,Ring,77,98.0,Medium,66,Normal,No,Active
041,2023-11-11 01:53:43,Earring,116,98.4,Low,56,Irregular,Yes,Stressed
037,2023-11-24 16:46:12,Shoe,71,98.5,High,66,Irregular,No,Stressed
013,2023-11-04 04:17:57,Ring,120,99.7,Low,53,Irregular,Yes,Active
007,2023-11-20 05:44:15,Earring,70,98.3,Medium,77,Normal,No,Active
088,2023-11-21 16:38:56,Ring,103,98.6,High,37,Normal,Yes,Stressed
050,2023-11-12 06:55:04,Earring,69,98.7,High,85,Irregular,No,Active
095,2023-11-05 18:19:07,Shoe,110,98.6,Medium,78,Irregular,Yes,Calm
095,2023-11-29 12:53:50,Shoe,109,98.5,Medium,52,Normal,Yes,Active
038,2023-11-14 06:00:54,Shoe,119,99.2,High,76,Irregular,Yes,Active
053,2023-11-22 21:52:18,Ring,111,99.2,Low,49,Irregular,Yes,Sedentary
085,2023-11-01 21:28:35,Ring,94,99.2,Low,47,Normal,Yes,Active
043,2023-11-26 00:25:13,Ring,97,98.7,Low,49,Normal,No,Calm
004,2023-11-05 02:04:59,Ring,114,98.7,Low,87,Irregular,Yes,Sedentary
042,2023-11-11 00:11:51,Ring,104,98.7,High,86,Normal,Yes,Stressed
094,2023-11-04 07:51:08,Ring,116,98.0,Medium,65,Irregular,Yes,Stressed
078,2023-11-04 03:21:46,Shoe,74,99.5,High,48,Normal,Yes,Stressed
058,2023-11-26 04:25:38,Shoe,66,98.2,Low,65,Irregular,No,Calm
037,2023-11-29 03:25:33,Shoe,89,97.9,Low,64,Irregular,No,Sedentary
029,2023-11-25 16:14:47,Shoe,91,98.9,High,74,Irregular,No,Stressed
023,2023-11-17 03:58:33,Ring,82,98.7,Low,78,Irregular,No,Active
045,2023-11-03 02:19:39,Earring,72,99.2,Low,75,Normal,Yes,Calm
092,2023-11-22 15:08:31,Ring,91,98.7,High,77,Normal,No,Sedentary
048,2023-11-07 03:40:34,Shoe,100,99.8,Low,44,Normal,Yes,Active
097,2023-11-02 18:20:31,Earring,108,98.0,Low,73,Normal,Yes,Stressed
067,2023-11-20 17:46:41,Ring,97,98.6,Medium,61,Normal,No,Sedentary
093,2023-11-13 22:23:13,Ring,101,98.4,Low,57,Normal,Yes,Active
035,2023-11-18 09:34:36,Shoe,77,98.6,Medium,80,Irregular,No,Stressed
064,2023-11-03 08:11:51,Earring,90,98.6,Low,60,Irregular,No,Sedentary
031,2023-11-18 02:08:22,Ring,118,99.7,Low,53,Irregular,Yes,Calm
027,2023-11-16 11:24:49,Shoe,89,98.2,High,59,Irregular,No,Calm
096,2023-11-09 09:36:19,Shoe,137,98.2,Low,80,Normal,Yes,Stressed
014,2023-11-03 01:28:04,Shoe,80,98.0,High,97,Normal,No,Calm
081,2023-11-07 04:59:09,Ring,61,99.4,Low,32,Normal,Yes,Active
059,2023-11-12 04:20:20,Shoe,73,97.7,Medium,46,Irregular,No,Stressed
025,2023-11-09 12:34:25,Ring,113,97.7,Low,59,Normal,Yes,Sedentary
043,2023-11-08 08:44:31,Shoe,64,99.1,High,97,Irregular,Yes,Active
027,2023-11-10 06:49:41,Earring,73,98.3,Medium,96,Normal,No,Active
095,2023-11-14 10:26:16,Shoe,79,98.0,High,59,Normal,No,Calm
026,2023-11-04 13:07:39,Ring,89,98.8,Low,40,Irregular,No,Calm
004,2023-11-05 13:11:40,Shoe,92,99.3,Medium,89,Normal,Yes,Active
002,2023-11-09 17:06:25,Earring,93,98.4,Low,91,Normal,No,Stressed
018,2023-11-11 21:02:54,Earring,161,98.9,Low,38,Normal,Yes,Stressed
043,2023-11-09 02:16:41,Shoe,89,98.3,Medium,49,Irregular,No,Active
085,2023-11-03 13:20:45,Earring,96,98.5,Medium,40,Irregular,No,Calm
098,2023-11-07 02:53:43,Shoe,114,99.5,High,30,Irregular,Yes,Calm
041,2023-11-09 22:32:35,Shoe,74,98.0,Low,69,Irregular,No,Calm
011,2023-11-15 07:41:58,Earring,91,99.1,Medium,97,Irregular,Yes,Active
037,2023-11-07 01:17:33,Earring,78,99.0,High,58,Normal,No,Active
053,2023-11-10 08:29:42,Ring,77,97.9,High,89,Irregular,No,Active
089,2023-11-04 21:52:42,Ring,90,98.3,High,66,Irregular,No,Stressed
006,2023-11-07 07:39:47,Shoe,71,99.0,Medium,90,Normal,No,Calm
061,2023-11-02 12:18:56,Earring,92,98.8,Low,39,Normal,No,Sedentary
065,2023-11-13 16:18:42,Earring,105,98.7,High,84,Irregular,Yes,Calm
047,2023-11-08 02:28:16,Shoe,81,99.2,High,66,Normal,Yes,Stressed
079,2023-11-28 06:49:10,Earring,65,98.1,Medium,88,Normal,No,Calm
056,2023-11-20 07:34:28,Ring,105,99.3,High,31,Irregular,Yes,Active
015,2023-11-12 04:29:50,Shoe,60,98.8,Low,64,Irregular,No,Calm
081,2023-11-20 03:29:02,Earring,71,98.0,Medium,93,Normal,No,Sedentary
094,2023-11-24 08:27:52,Earring,102,99.2,Medium,65,Normal,Yes,Calm
035,2023-11-05 02:59:02,Earring,106,98.7,High,61,Irregular,Yes,Sedentary
014,2023-11-07 00:02:00,Earring,89,98.1,High,31,Normal,No,Stressed
057,2023-11-18 13:26:14,Earring,74,98.3,High,34,Normal,No,Stressed
042,2023-11-05 06:28:13,Earring,87,97.8,Low,67,Normal,No,Calm
090,2023-11-08 10:36:12,Shoe,87,98.4,Medium,58,Normal,No,Active
009,2023-11-28 08:38:59,Shoe,118,98.8,Medium,35,Normal,Yes,Active
006,2023-11-09 05:07:21,Earring,96,97.9,Low,33,Irregular,No,Stressed
006,2023-11-06 16:01:26,Earring,92,98.3,Medium,67,Normal,No,Stressed
027,2023-11-04 08:26:22,Earring,110,98.6,Medium,80,Irregular,Yes,Active
075,2023-11-03 07:23:56,Earring,70,98.6,Low,79,Normal,No,Sedentary
003,2023-11-10 01:27:47,Shoe,95,99.0,Medium,58,Normal,No,Active
088,2023-11-25 12:24:09,Earring,118,98.6,Medium,88,Irregular,Yes,Stressed
082,2023-11-01 04:55:55,Earring,73,98.2,High,99,Normal,No,Calm
057,2023-11-03 00:31:38,Ring,66,99.4,High,32,Normal,Yes,Active
038,2023-11-09 13:14:55,Ring,112,98.4,High,63,Normal,Yes,Stressed
013,2023-11-18 11:42:10,Ring,92,98.5,High,50,Normal,No,Active
057,2023-11-03 10:28:30,Ring,122,98.0,Low,94,Normal,Yes,Calm
082,2023-11-03 19:22:46,Ring,72,98.2,Low,100,Irregular,No,Sedentary
084,2023-11-27 14:21:52,Ring,85,98.0,High,34,Irregular,No,Sedentary
040,2023-11-09 21:21:57,Shoe,73,98.0,Medium,38,Irregular,No,Sedentary
081,2023-11-26 18:29:57,Shoe,98,99.1,High,62,Normal,Yes,Sedentary
015,2023-11-15 04:49:25,Earring,74,98.8,Medium,45,Normal,No,Calm
067,2023-11-02 13:13:48,Earring,61,98.6,Medium,91,Normal,No,Active
083,2023-11-17 11:27:44,Earring,94,98.9,Medium,79,Normal,No,Sedentary
090,2023-11-28 21:11:47,Shoe,91,98.8,Medium,85,Normal,No,Calm
004,2023-11-25 17:49:26,Ring,75,98.1,Medium,85,Irregular,No,Sedentary
069,2023-11-11 21:39:24,Earring,83,98.3,High,32,Irregular,No,Active
003,2023-11-19 04:04:02,Ring,101,98.2,Low,57,Irregular,Yes,Stressed
055,2023-11-01 16:31:25,Earring,64,98.6,High,51,Normal,No,Stressed
008,2023-11-21 02:15:31,Earring,63,98.9,Medium,99,Irregular,No,Stressed
090,2023-11-01 11:01:48,Earring,118,97.8,Medium,68,Normal,Yes,Stressed
068,2023-11-19 17:25:56,Earring,85,99.7,Low,45,Irregular,Yes,Stressed
002,2023-11-03 20:37:41,Earring,117,99.3,Medium,84,Irregular,Yes,Calm
046,2023-11-01 22:09:31,Ring,115,98.4,Low,84,Irregular,Yes,Active
025,2023-11-02 17:46:57,Shoe,120,98.8,Medium,63,Normal,Yes,Calm
033,2023-11-12 00:08:37,Earring,83,98.8,Low,88,Normal,No,Stressed
076,2023-11-07 05:43:03,Earring,62,98.8,Low,64,Irregular,No,Calm
099,2023-11-24 13:41:57,Ring,80,99.6,High,80,Irregular,Yes,Sedentary
055,2023-11-23 22:48:26,Earring,113,98.1,Low,93,Irregular,Yes,Sedentary
058,2023-11-21 10:06:57,Shoe,97,99.1,Low,70,Irregular,Yes,Sedentary
017,2023-11-28 09:34:13,Earring,62,99.1,Medium,90,Normal,Yes,Active
014,2023-11-13 09:04:33,Earring,112,98.9,Medium,96,Normal,Yes,Active
049,2023-11-11 08:18:03,Ring,63,98.9,High,32,Irregular,No,Stressed
008,2023-11-06 07:06:41,Earring,68,98.9,High,64,Irregular,No,Active
058,2023-11-09 20:05:52,Shoe,90,98.3,High,73,Normal,No,Sedentary
007,2023-11-05 12:58:31,Earring,75,98.6,Medium,76,Normal,No,Stressed
032,2023-11-05 10:35:07,Earring,77,98.2,Low,68,Normal,No,Calm
011,2023-11-21 23:20:23,Earring,96,97.9,Medium,99,Normal,No,Active
059,2023-11-11 04:45:06,Ring,143,99.2,Medium,52,Normal,Yes,Calm
011,2023-11-10 22:21:58,Earring,90,98.3,Medium,62,Normal,No,Stressed
015,2023-11-29 21:44:46,Shoe,118,98.1,High,97,Normal,Yes,Sedentary
067,2023-11-26 08:06:34,Shoe,76,98.5,Medium,44,Irregular,No,Calm
013,2023-11-14 13:16:01,Ring,80,98.3,Low,48,Irregular,No,Sedentary
025,2023-11-24 20:06:44,Shoe,120,99.2,High,98,Irregular,Yes,Sedentary
009,2023-11-18 11:05:42,Earring,68,99.1,Low,46,Irregular,Yes,Sedentary
054,2023-11-08 10:16:13,Ring,72,98.3,Low,94,Normal,No,Active
061,2023-11-27 03:39:45,Earring,91,100.4,Low,45,Normal,Yes,Sedentary
090,2023-11-23 10:05:45,Ring,89,98.6,Low,63,Irregular,No,Calm
003,2023-11-10 20:00:12,Shoe,120,100.0,Low,47,Irregular,Yes,Sedentary
074,2023-11-05 08:38:49,Ring,115,99.2,Low,75,Irregular,Yes,Sedentary
098,2023-11-02 11:28:09,Ring,63,99.0,High,33,Irregular,No,Active
078,2023-11-09 08:47:04,Ring,100,98.9,High,99,Normal,No,Calm
100,2023-11-03 08:14:20,Shoe,93,98.8,High,37,Normal,No,Active
068,2023-11-16 15:35:58,Earring,69,98.4,Low,70,Irregular,No,Calm
091,2023-11-26 19:51:14,Earring,106,98.9,Medium,86,Irregular,Yes,Stressed
090,2023-11-27 19:39:28,Earring,60,98.8,Medium,79,Normal,No,Calm
058,2023-11-27 07:15:37,Ring,94,98.2,High,93,Irregular,No,Active
082,2023-11-02 18:01:30,Shoe,65,99.5,Medium,96,Irregular,Yes,Active
054,2023-11-11 07:31:52,Shoe,88,98.5,Low,85,Normal,No,Sedentary
028,2023-11-04 17:52:36,Shoe,98,98.5,Medium,54,Normal,No,Sedentary
013,2023-11-17 23:30:15,Ring,84,98.8,Medium,95,Normal,No,Active
012,2023-11-24 21:05:42,Shoe,111,99.0,High,66,Normal,Yes,Stressed
006,2023-11-26 08:56:51,Ring,68,98.9,Medium,88,Normal,No,Sedentary
067,2023-11-27 15:58:29,Ring,83,98.2,Medium,94,Normal,No,Calm
082,2023-11-28 00:03:38,Earring,112,98.4,Medium,91,Normal,Yes,Sedentary
020,2023-11-22 07:55:14,Ring,122,98.5,Medium,99,Irregular,Yes,Calm
069,2023-11-29 07:22:35,Ring,86,98.5,Medium,100,Irregular,No,Stressed
055,2023-11-02 22:02:48,Earring,68,99.2,Low,44,Normal,Yes,Active
062,2023-11-01 06:44:41,Earring,89,98.4,High,42,Irregular,No,Calm
029,2023-11-27 04:57:56,Shoe,73,98.5,Medium,75,Irregular,No,Calm
065,2023-11-23 15:58:00,Earring,65,98.6,High,57,Normal,No,Sedentary
026,2023-11-29 14:43:10,Ring,93,98.3,Medium,71,Irregular,No,Active
083,2023-11-05 21:51:18,Ring,90,99.2,Medium,63,Normal,Yes,Stressed
037,2023-11-23 20:18:23,Shoe,83,98.9,Medium,57,Irregular,No,Sedentary
020,2023-11-19 19:12:45,Shoe,76,98.7,Low,93,Normal,No,Stressed
054,2023-11-07 21:05:49,Ring,103,98.9,Medium,37,Normal,Yes,Sedentary
070,2023-11-19 03:40:14,Ring,108,98.7,High,38,Normal,Yes,Stressed
093,2023-11-15 23:50:10,Shoe,111,98.4,High,74,Irregular,Yes,Sedentary
027,2023-11-09 15:33:51,Shoe,118,98.1,High,42,Normal,Yes,Stressed
094,2023-11-22 15:20:24,Ring,79,98.5,Medium,39,Normal,No,Calm
007,2023-11-10 10:16:59,Shoe,76,98.7,Medium,70,Normal,No,Stressed
025,2023-11-08 01:42:19,Ring,99,98.8,Low,57,Irregular,No,Calm
062,2023-11-13 11:53:05,Shoe,106,98.6,Medium,52,Normal,Yes,Stressed
081,2023-11-06 08:18:16,Ring,63,97.8,High,85,Normal,No,Stressed
087,2023-11-24 22:59:00,Ring,75,98.3,Medium,62,Normal,No,Stressed
079,2023-11-22 05:19:48,Earring,139,99.8,High,82,Normal,Yes,Sedentary
070,2023-11-18 01:08:41,Earring,103,98.8,High,75,Normal,Yes,Calm
058,2023-11-28 00:59:34,Earring,90,98.2,High,55,Irregular,No,Active
086,2023-11-22 01:53:07,Shoe,95,97.9,Medium,87,Irregular,No,Sedentary
079,2023-11-26 20:07:00,Ring,87,99.2,Low,94,Normal,Yes,Sedentary
013,2023-11-24 21:29:28,Ring,65,97.8,High,82,Normal,No,Active
070,2023-11-06 13:27:05,Earring,93,98.6,Medium,87,Irregular,No,Calm
006,2023-11-13 03:55:42,Shoe,75,99.0,High,30,Normal,No,Stressed
086,2023-11-24 01:08:41,Earring,60,98.1,High,95,Normal,No,Sedentary
084,2023-11-11 07:06:15,Earring,61,98.7,Low,59,Normal,No,Sedentary
020,2023-11-22 09:32:36,Shoe,112,99.2,High,82,Normal,Yes,Stressed
059,2023-11-06 16:41:39,Earring,91,98.9,Medium,72,Irregular,No,Sedentary
043,2023-11-19 06:51:59,Ring,102,99.4,Low,43,Irregular,Yes,Stressed
048,2023-11-27 21:08:18,Shoe,85,98.2,High,90,Irregular,No,Active
029,2023-11-12 22:54:19,Shoe,102,98.4,High,41,Normal,Yes,Sedentary
035,2023-11-16 19:11:48,Shoe,66,98.8,Low,92,Irregular,No,Active
008,2023-11-07 07:36:25,Ring,86,99.4,Low,83,Irregular,Yes,Sedentary
079,2023-11-21 04:13:02,Shoe,87,99.1,Medium,91,Irregular,Yes,Calm
021,2023-11-14 17:41:05,Shoe,63,98.2,Low,47,Irregular,No,Sedentary
089,2023-11-23 17:04:47,Earring,118,98.8,Low,47,Normal,Yes,Active
054,2023-11-12 09:30:39,Shoe,87,97.8,High,68,Irregular,No,Calm
017,2023-11-11 08:17:43,Earring,114,98.6,Medium,65,Irregular,Yes,Active
094,2023-11-11 01:10:34,Shoe,105,98.9,Medium,97,Irregular,Yes,Stressed
075,2023-11-03 18:42:30,Ring,65,99.2,High,49,Normal,Yes,Sedentary
026,2023-11-24 01:17:50,Ring,89,99.6,Low,38,Irregular,Yes,Calm
099,2023-11-15 10:38:50,Ring,98,98.8,High,35,Normal,No,Stressed
025,2023-11-22 22:05:50,Shoe,78,98.6,Low,40,Normal,No,Calm
041,2023-11-21 05:49:08,Earring,90,98.2,Low,100,Irregular,No,Active
012,2023-11-03 22:26:35,Ring,87,98.0,Low,93,Normal,No,Calm
001,2023-11-27 11:32:06,Ring,105,98.5,High,74,Irregular,Yes,Sedentary
049,2023-11-21 13:08:31,Shoe,71,98.6,Medium,97,Normal,No,Calm
010,2023-11-15 18:05:02,Shoe,111,99.7,High,65,Irregular,Yes,Sedentary
058,2023-11-17 00:37:43,Ring,80,98.2,High,41,Irregular,No,Stressed
098,2023-11-12 22:10:37,Ring,61,97.7,Medium,47,Normal,No,Sedentary
070,2023-11-09 01:48:22,Ring,125,99.5,High,51,Normal,Yes,Active
080,2023-11-27 19:36:59,Earring,103,98.5,Low,61,Irregular,Yes,Stressed
022,2023-11-12 22:24:21,Ring,112,99.0,Medium,98,Normal,Yes,Stressed
045,2023-11-10 08:09:05,Shoe,105,99.0,Low,74,Irregular,Yes,Active
072,2023-11-14 11:49:41,Earring,114,99.6,Low,48,Irregular,Yes,Active
021,2023-11-15 23:02:34,Ring,86,97.8,Low,76,Normal,No,Sedentary
046,2023-11-13 13:56:57,Earring,97,99.6,High,61,Irregular,Yes,Calm
017,2023-11-29 23:34:10,Ring,63,97.8,Medium,74,Normal,No,Stressed
016,2023-11-07 13:00:17,Ring,82,99.6,High,79,Normal,Yes,Active
094,2023-11-07 07:06:43,Earring,68,98.8,Low,93,Irregular,No,Calm
078,2023-11-08 11:45:27,Earring,109,99.2,Medium,95,Normal,Yes,Stressed
055,2023-11-02 18:14:15,Ring,94,98.7,Medium,90,Normal,No,Stressed
097,2023-11-04 22:40:39,Ring,113,98.5,Medium,53,Irregular,Yes,Active
027,2023-11-29 02:23:09,Ring,93,98.2,Low,91,Irregular,No,Active
078,2023-11-19 07:43:30,Earring,135,99.5,Low,54,Normal,Yes,Calm
057,2023-11-14 05:20:41,Earring,111,100.2,High,99,Normal,Yes,Active
068,2023-11-13 13:37:25,Ring,175,98.3,High,55,Normal,Yes,Calm
070,2023-11-26 19:03:20,Shoe,71,98.5,High,58,Irregular,No,Stressed
022,2023-11-08 04:52:18,Earring,119,98.7,Medium,65,Irregular,Yes,Active
061,2023-11-25 15:05:11,Ring,92,98.0,High,65,Irregular,No,Active
081,2023-11-12 19:05:13,Shoe,113,99.3,Medium,93,Irregular,Yes,Calm
079,2023-11-09 02:05:40,Ring,90,99.4,Medium,76,Irregular,Yes,Calm
068,2023-11-23 20:34:55,Shoe,77,99.3,Medium,75,Irregular,Yes,Stressed
015,2023-11-20 16:56:46,Shoe,105,98.8,Medium,52,Irregular,Yes,Active
051,2023-11-10 09:28:56,Ring,85,98.7,Medium,56,Normal,No,Sedentary
053,2023-11-10 20:55:56,Earring,63,97.8,Low,97,Irregular,No,Calm
001,2023-11-15 06:11:18,Earring,99,99.0,Medium,90,Normal,No,Stressed
033,2023-11-18 11:11:32,Earring,99,99.0,Low,44,Irregular,No,Sedentary
061,2023-11-09 07:26:47,Earring,107,98.8,Medium,88,Irregular,Yes,Active
076,2023-11-27 08:05:14,Ring,98,98.8,Low,97,Normal,No,Calm
001,2023-11-15 12:59:32,Ring,101,98.7,Medium,87,Normal,Yes,Sedentary
018,2023-11-01 10:17:57,Earring,77,99.3,High,83,Normal,Yes,Active
094,2023-11-22 06:02:50,Ring,86,98.5,Medium,99,Irregular,No,Calm
059,2023-11-07 17:56:17,Ring,92,98.8,High,57,Irregular,No,Stressed
043,2023-11-03 07:57:36,Ring,119,98.1,High,100,Irregular,Yes,Sedentary
048,2023-11-25 23:28:40,Ring,67,98.7,High,37,Normal,No,Calm
030,2023-11-16 06:06:03,Ring,67,98.4,Medium,95,Normal,No,Sedentary
023,2023-11-07 09:14:24,Shoe,71,99.2,Low,69,Normal,Yes,Active
072,2023-11-20 22:16:22,Ring,119,99.2,High,94,Irregular,Yes,Active
010,2023-11-28 04:18:51,Ring,109,98.7,Low,45,Irregular,Yes,Active
002,2023-11-05 20:09:19,Shoe,112,99.5,Low,37,Normal,Yes,Stressed
075,2023-11-17 07:46:17,Shoe,63,98.8,High,75,Normal,No,Active
078,2023-11-05 17:51:46,Shoe,116,99.0,Low,65,Normal,Yes,Sedentary
054,2023-11-29 21:51:29,Earring,151,98.9,Low,50,Normal,Yes,Sedentary
089,2023-11-26 09:13:02,Shoe,80,98.2,Medium,92,Irregular,No,Active
081,2023-11-15 22:43:57,Shoe,61,98.8,Low,75,Irregular,No,Calm
085,2023-11-16 18:33:20,Shoe,104,99.4,Medium,66,Irregular,Yes,Active
002,2023-11-12 20:53:59,Earring,98,98.3,Medium,32,Normal,No,Stressed
057,2023-11-08 11:36:21,Ring,82,97.9,High,71,Irregular,No,Active
053,2023-11-18 17:48:21,Earring,105,98.5,High,41,Normal,Yes,Sedentary
076,2023-11-26 03:36:55,Shoe,69,99.2,High,31,Normal,Yes,Sedentary
047,2023-11-22 09:05:22,Shoe,66,98.6,High,90,Normal,No,Calm
061,2023-11-18 09:21:58,Shoe,102,97.4,Low,48,Irregular,Yes,Sedentary
005,2023-11-28 09:26:14,Earring,65,98.7,Low,46,Normal,No,Stressed
060,2023-11-07 13:56:41,Earring,119,97.8,High,38,Irregular,Yes,Active
094,2023-11-18 20:29:50,Shoe,63,98.9,Medium,35,Normal,No,Active
081,2023-11-08 16:47:25,Shoe,76,98.2,Low,79,Irregular,No,Calm
020,2023-11-09 22:11:53,Ring,116,98.5,High,92,Irregular,Yes,Calm
050,2023-11-16 07:34:32,Earring,94,98.6,Medium,31,Irregular,No,Stressed
056,2023-11-07 21:20:50,Ring,107,99.3,Medium,71,Normal,Yes,Stressed
056,2023-11-01 08:43:22,Earring,70,98.2,High,56,Normal,No,Active
069,2023-11-24 01:32:14,Shoe,89,98.5,Medium,79,Normal,No,Active
030,2023-11-01 08:33:21,Ring,73,99.0,High,90,Normal,No,Stressed
003,2023-11-10 14:37:28,Shoe,63,98.2,High,34,Normal,No,Active
058,2023-11-17 02:40:07,Shoe,105,99.6,Medium,83,Normal,Yes,Active
026,2023-11-17 18:08:27,Ring,92,98.9,Medium,78,Irregular,No,Sedentary
001,2023-11-12 18:04:17,Ring,114,98.2,High,100,Irregular,Yes,Calm
085,2023-11-08 08:22:01,Shoe,74,98.8,High,62,Irregular,No,Calm
028,2023-11-04 11:49:22,Shoe,79,98.4,Medium,33,Irregular,No,Stressed
037,2023-11-28 07:29:33,Ring,61,97.5,Medium,53,Irregular,No,Calm
037,2023-11-08 13:37:20,Earring,65,98.7,Medium,63,Irregular,No,Sedentary
077,2023-11-27 07:16:35,Shoe,90,98.3,High,54,Irregular,No,Sedentary
100,2023-11-27 14:16:04,Shoe,109,98.4,High,50,Irregular,Yes,Stressed
070,2023-11-10 11:10:54,Earring,112,98.9,High,87,Normal,Yes,Stressed
015,2023-11-09 15:29:29,Ring,109,98.1,Low,94,Normal,Yes,Active
100,2023-11-12 14:06:07,Earring,159,97.7,Medium,95,Irregular,Yes,Sedentary
025,2023-11-11 18:24:51,Earring,63,98.4,High,72,Normal,No,Calm
074,2023-11-24 15:46:13,Shoe,74,99.1,Low,96,Normal,Yes,Active
065,2023-11-26 14:51:23,Ring,107,99.3,Low,72,Normal,Yes,Sedentary
014,2023-11-01 04:16:27,Earring,117,98.4,High,85,Normal,Yes,Calm
020,2023-11-07 00:53:12,Ring,112,98.2,Low,81,Irregular,Yes,Sedentary
026,2023-11-18 07:27:23,Earring,162,98.9,High,82,Irregular,Yes,Sedentary
079,2023-11-29 22:48:44,Ring,80,98.6,Medium,84,Irregular,No,Stressed
020,2023-11-14 02:02:23,Shoe,111,98.3,Low,79,Irregular,Yes,Stressed
048,2023-11-03 09:05:47,Ring,112,98.7,Low,43,Irregular,Yes,Calm
049,2023-11-05 21:37:54,Ring,63,99.0,Medium,50,Normal,No,Calm
009,2023-11-01 15:52:11,Shoe,84,97.5,Medium,40,Irregular,No,Active
063,2023-11-12 07:51:39,Earring,176,98.5,Medium,71,Irregular,Yes,Sedentary
024,2023-11-26 20:18:43,Shoe,94,99.1,Medium,56,Normal,Yes,Sedentary
036,2023-11-23 03:12:10,Ring,82,99.3,Medium,40,Normal,Yes,Calm
093,2023-11-29 16:40:16,Earring,89,98.2,Medium,55,Normal,No,Stressed
055,2023-11-05 14:47:56,Earring,87,98.5,High,47,Normal,No,Calm
016,2023-11-08 10:13:04,Shoe,120,98.0,High,74,Irregular,Yes,Calm
010,2023-11-01 17:58:59,Earring,112,99.0,High,65,Irregular,Yes,Sedentary
034,2023-11-18 16:03:02,Earring,109,98.8,High,55,Normal,Yes,Calm
052,2023-11-22 02:38:34,Shoe,85,99.8,High,99,Normal,Yes,Sedentary
059,2023-11-27 19:03:17,Shoe,71,98.6,Medium,84,Irregular,No,Calm
054,2023-11-29 18:29:39,Earring,87,98.6,High,79,Normal,No,Active
030,2023-11-06 20:03:58,Ring,66,98.6,Low,73,Normal,No,Sedentary
002,2023-11-04 02:58:24,Shoe,112,99.1,High,59,Irregular,Yes,Calm
050,2023-11-08 00:31:59,Earring,76,98.1,Medium,32,Normal,No,Sedentary
061,2023-11-19 22:15:01,Shoe,71,99.0,Low,43,Normal,No,Sedentary
069,2023-11-22 17:50:52,Ring,107,98.2,High,48,Irregular,Yes,Stressed
020,2023-11-06 16:24:35,Earring,80,97.7,High,93,Irregular,No,Calm
085,2023-11-20 12:15:42,Ring,108,98.5,Medium,38,Normal,Yes,Stressed
015,2023-11-01 13:08:36,Ring,68,98.8,High,33,Normal,No,Active
089,2023-11-19 12:41:12,Shoe,111,98.7,Low,84,Irregular,Yes,Sedentary
067,2023-11-12 00:35:25,Ring,116,98.1,High,38,Irregular,Yes,Sedentary
072,2023-11-09 16:13:52,Earring,78,98.1,Low,98,Irregular,No,Active
090,2023-11-08 20:21:29,Ring,113,98.9,Medium,46,Irregular,Yes,Calm
071,2023-11-26 07:22:58,Earring,74,99.1,Medium,44,Normal,Yes,Stressed
029,2023-11-21 04:32:01,Ring,64,98.7,Medium,90,Irregular,No,Sedentary
086,2023-11-19 07:22:03,Shoe,100,98.7,Medium,64,Irregular,No,Active
054,2023-11-13 01:16:00,Ring,110,98.1,High,37,Irregular,Yes,Sedentary
022,2023-11-12 06:49:26,Shoe,152,99.2,Medium,86,Normal,Yes,Active
087,2023-11-16 22:18:00,Earring,127,98.3,Medium,96,Irregular,Yes,Stressed
094,2023-11-25 04:29:01,Ring,103,98.0,Low,36,Normal,Yes,Active
002,2023-11-23 10:03:11,Ring,62,98.8,Low,73,Irregular,No,Sedentary
074,2023-11-16 19:10:25,Ring,128,98.6,Low,37,Irregular,Yes,Active
038,2023-11-27 03:11:01,Earring,64,99.3,High,78,Normal,Yes,Sedentary
051,2023-11-13 14:11:58,Ring,89,98.8,Medium,74,Irregular,No,Calm
018,2023-11-16 02:19:51,Ring,129,97.9,Low,81,Irregular,Yes,Active
012,2023-11-18 21:02:40,Shoe,120,98.5,Low,79,Normal,Yes,Stressed
034,2023-11-23 06:34:51,Ring,69,98.4,Low,41,Irregular,No,Stressed
006,2023-11-13 10:57:01,Ring,67,99.6,High,76,Irregular,Yes,Sedentary
061,2023-11-21 23:45:53,Shoe,113,99.0,Medium,70,Irregular,Yes,Sedentary
002,2023-11-01 05:23:36,Earring,108,98.1,Low,63,Normal,Yes,Sedentary
072,2023-11-10 20:45:08,Earring,97,98.5,High,97,Normal,No,Calm
097,2023-11-24 02:46:56,Shoe,140,98.6,Low,54,Irregular,Yes,Stressed
024,2023-11-01 09:20:26,Shoe,106,99.4,Low,82,Normal,Yes,Sedentary
092,2023-11-07 11:08:18,Shoe,102,99.2,High,77,Irregular,Yes,Sedentary
004,2023-11-08 22:00:31,Earring,87,98.5,Medium,60,Normal,No,Active
091,2023-11-16 17:28:34,Ring,139,98.3,High,33,Normal,Yes,Sedentary
054,2023-11-20 14:08:47,Earring,90,98.7,High,50,Normal,No,Sedentary
097,2023-11-12 18:17:16,Earring,95,98.9,High,43,Irregular,No,Calm
052,2023-11-04 05:18:37,Ring,66,98.2,Low,67,Normal,No,Stressed
082,2023-11-08 17:04:13,Shoe,169,99.1,High,42,Normal,Yes,Stressed
070,2023-11-01 01:43:23,Earring,74,97.0,Medium,70,Irregular,No,Stressed
054,2023-11-11 17:10:55,Earring,69,99.4,High,58,Normal,Yes,Active
094,2023-11-06 04:37:11,Ring,120,99.0,High,79,Normal,Yes,Sedentary
098,2023-11-13 04:38:18,Shoe,71,97.9,Medium,64,Irregular,No,Active
059,2023-11-12 10:57:28,Shoe,113,98.4,Low,66,Normal,Yes,Calm
059,2023-11-03 05:54:26,Ring,71,98.5,Low,36,Normal,No,Active
063,2023-11-14 15:51:47,Ring,110,98.7,High,91,Irregular,Yes,Calm
038,2023-11-08 01:58:21,Earring,102,98.7,Medium,34,Irregular,Yes,Calm
014,2023-11-10 09:05:34,Earring,78,99.5,Medium,82,Irregular,Yes,Active
076,2023-11-11 10:03:13,Earring,67,98.3,High,40,Irregular,No,Active
041,2023-11-03 17:54:29,Earring,77,99.1,Medium,97,Irregular,Yes,Sedentary
010,2023-11-05 18:21:48,Ring,119,97.9,Low,76,Normal,Yes,Calm
038,2023-11-05 02:46:04,Shoe,108,99.4,High,92,Normal,Yes,Calm
056,2023-11-29 17:12:47,Earring,94,98.9,Medium,64,Normal,No,Active
005,2023-11-22 00:02:08,Shoe,113,99.1,High,93,Normal,Yes,Active
044,2023-11-29 07:50:34,Ring,107,99.3,Medium,37,Normal,Yes,Calm
040,2023-11-03 15:41:59,Ring,77,98.4,Low,67,Irregular,No,Stressed
078,2023-11-08 18:38:38,Ring,150,98.4,High,92,Normal,Yes,Active
069,2023-11-03 05:09:57,Ring,109,98.9,High,50,Irregular,Yes,Stressed
071,2023-11-20 13:32:26,Shoe,79,98.9,Low,49,Normal,No,Calm
014,2023-11-10 08:33:05,Shoe,107,98.2,Low,77,Normal,Yes,Stressed
015,2023-11-17 08:38:08,Shoe,108,98.4,Low,91,Irregular,Yes,Calm
074,2023-11-25 12:11:50,Ring,120,98.1,Medium,100,Normal,Yes,Sedentary
050,2023-11-14 10:58:47,Shoe,60,99.2,Medium,79,Normal,Yes,Sedentary
069,2023-11-15 00:12:07,Shoe,96,98.7,High,66,Irregular,No,Stressed
060,2023-11-20 07:50:22,Ring,166,97.7,Low,59,Irregular,Yes,Sedentary
028,2023-11-18 11:04:18,Earring,93,99.3,High,87,Irregular,Yes,Sedentary
018,2023-11-19 14:15:19,Earring,85,98.2,Low,97,Irregular,No,Calm
030,2023-11-20 08:05:20,Earring,118,98.2,Medium,44,Normal,Yes,Stressed
051,2023-11-29 14:53:56,Shoe,116,99.1,High,42,Normal,Yes,Active
097,2023-11-19 06:11:04,Earring,88,98.0,High,53,Irregular,No,Stressed
051,2023-11-13 12:26:30,Ring,118,99.2,Low,53,Irregular,Yes,Sedentary
070,2023-11-19 01:06:17,Earring,116,99.1,Medium,96,Irregular,Yes,Sedentary
082,2023-11-06 19:07:44,Earring,69,98.1,Medium,75,Irregular,No,Stressed
069,2023-11-27 10:51:55,Earring,81,97.9,Low,80,Irregular,No,Stressed
002,2023-11-04 11:09:18,Shoe,60,98.8,Medium,70,Irregular,No,Sedentary
100,2023-11-17 04:18:54,Ring,75,99.2,Medium,92,Irregular,Yes,Active
023,2023-11-07 17:37:56,Shoe,67,99.4,Medium,47,Irregular,Yes,Sedentary
013,2023-11-28 23:50:03,Earring,94,98.7,Low,77,Normal,No,Stressed
009,2023-11-16 09:46:20,Shoe,80,98.2,High,72,Normal,No,Stressed
053,2023-11-04 01:05:25,Ring,85,98.7,High,76,Irregular,No,Calm
042,2023-11-11 09:35:19,Ring,87,98.5,Low,72,Irregular,No,Active
073,2023-11-07 12:49:45,Ring,84,98.5,High,47,Irregular,No,Sedentary
097,2023-11-23 06:35:54,Shoe,82,98.8,High,73,Normal,No,Sedentary
053,2023-11-14 18:50:55,Ring,111,99.2,High,53,Irregular,Yes,Active
021,2023-11-09 12:11:14,Earring,107,97.9,Medium,59,Normal,Yes,Stressed
050,2023-11-10 18:42:14,Ring,85,98.5,Low,75,Normal,No,Calm
096,2023-11-28 13:14:58,Earring,175,98.6,Low,37,Irregular,Yes,Calm
026,2023-11-05 17:42:24,Ring,63,98.8,Low,75,Irregular,No,Active
061,2023-11-27 09:11:09,Shoe,77,98.4,Low,42,Normal,No,Active
091,2023-11-09 07:09:20,Ring,86,98.4,Low,82,Normal,No,Sedentary
072,2023-11-03 08:03:01,Ring,100,99.0,Low,43,Irregular,No,Calm
076,2023-11-17 05:05:49,Ring,104,98.4,Medium,84,Irregular,Yes,Calm
007,2023-11-07 09:08:39,Ring,99,97.9,Low,86,Normal,No,Active
002,2023-11-24 03:04:54,Ring,115,98.8,Medium,89,Irregular,Yes,Active
023,2023-11-12 06:42:54,Earring,72,98.0,Medium,66,Normal,No,Active
098,2023-11-23 16:09:29,Ring,72,99.0,Medium,97,Normal,No,Calm
036,2023-11-02 12:29:17,Shoe,165,98.6,Low,94,Irregular,Yes,Calm
049,2023-11-13 13:37:36,Shoe,99,99.4,High,81,Normal,Yes,Calm
024,2023-11-24 10:32:11,Ring,68,98.8,Medium,51,Irregular,No,Calm
072,2023-11-07 03:31:26,Ring,100,99.4,High,84,Irregular,Yes,Sedentary
013,2023-11-15 18:32:53,Shoe,172,97.5,High,57,Irregular,Yes,Sedentary
085,2023-11-08 11:22:16,Shoe,94,98.7,Low,35,Normal,No,Active
024,2023-11-08 12:13:33,Ring,141,98.4,Low,50,Normal,Yes,Sedentary
047,2023-11-15 19:53:52,Earring,81,98.8,High,88,Irregular,No,Sedentary
093,2023-11-24 01:14:29,Earring,77,98.8,Low,90,Normal,No,Stressed
090,2023-11-19 01:30:41,Earring,78,99.3,Medium,69,Normal,Yes,Stressed
067,2023-11-09 10:36:06,Ring,80,97.9,Low,70,Normal,No,Sedentary
001,2023-11-14 04:11:57,Ring,103,99.6,Low,92,Irregular,Yes,Stressed
038,2023-11-03 08:08:41,Earring,64,98.9,Low,62,Irregular,No,Calm
006,2023-11-19 01:38:28,Shoe,88,98.9,Medium,35,Normal,No,Stressed
055,2023-11-26 20:50:06,Ring,76,98.4,Low,60,Irregular,No,Calm
014,2023-11-19 21:12:46,Shoe,136,98.8,Low,60,Irregular,Yes,Calm
041,2023-11-10 00:52:09,Ring,111,98.7,Low,60,Normal,Yes,Active
100,2023-11-26 21:53:34,Earring,119,98.6,Medium,85,Irregular,Yes,Active
007,2023-11-09 12:06:35,Ring,116,99.3,High,96,Normal,Yes,Stressed
081,2023-11-02 10:35:33,Ring,104,99.1,Low,75,Irregular,Yes,Active
026,2023-11-13 07:53:13,Earring,72,98.7,High,64,Irregular,No,Sedentary
005,2023-11-02 06:07:14,Shoe,78,99.5,Medium,39,Normal,Yes,Sedentary
092,2023-11-17 22:18:27,Shoe,87,100.0,Medium,97,Irregular,Yes,Stressed
066,2023-11-01 15:57:10,Shoe,60,98.3,Medium,98,Normal,No,Stressed
042,2023-11-09 02:53:54,Earring,80,99.1,Low,92,Normal,Yes,Stressed
085,2023-11-27 14:38:29,Ring,118,98.7,High,75,Normal,Yes,Active
049,2023-11-07 03:18:48,Ring,73,97.9,Medium,74,Normal,No,Active
040,2023-11-04 15:46:00,Earring,86,98.9,Low,98,Normal,No,Stressed
001,2023-11-28 16:35:13,Earring,121,98.3,Low,71,Normal,Yes,Active
038,2023-11-25 03:08:21,Earring,99,98.5,High,98,Irregular,No,Active
067,2023-11-19 18:14:00,Shoe,87,99.2,High,94,Irregular,Yes,Sedentary
026,2023-11-01 08:57:21,Shoe,91,98.6,Low,62,Irregular,No,Sedentary
016,2023-11-14 10:52:14,Shoe,96,98.5,High,80,Normal,No,Stressed
064,2023-11-15 01:08:02,Shoe,102,98.6,Low,69,Irregular,Yes,Active
069,2023-11-14 15:14:36,Shoe,99,99.0,High,42,Irregular,No,Active
075,2023-11-13 06:59:45,Ring,71,98.6,Low,61,Irregular,No,Calm
046,2023-11-13 08:06:13,Shoe,60,98.5,High,98,Irregular,No,Calm
051,2023-11-10 15:51:11,Shoe,179,97.9,High,83,Normal,Yes,Calm
006,2023-11-15 14:45:57,Earring,93,98.3,High,89,Normal,No,Calm
016,2023-11-06 18:45:19,Earring,71,98.5,Medium,81,Irregular,No,Sedentary
098,2023-11-16 05:10:03,Shoe,96,97.7,Low,39,Normal,No,Active
070,2023-11-20 08:12:08,Ring,91,99.2,Low,93,Irregular,Yes,Sedentary
040,2023-11-23 18:47:25,Ring,109,99.6,Medium,72,Irregular,Yes,Sedentary
016,2023-11-23 02:57:13,Shoe,124,98.1,Medium,63,Normal,Yes,Stressed
047,2023-11-11 16:12:20,Ring,61,98.6,Medium,36,Normal,No,Sedentary
044,2023-11-04 06:26:49,Earring,110,98.7,High,45,Irregular,Yes,Stressed
001,2023-11-23 03:50:17,Shoe,83,99.1,High,64,Irregular,Yes,Calm
055,2023-11-16 02:46:08,Earring,85,99.1,High,62,Irregular,Yes,Active
044,2023-11-29 09:16:47,Shoe,118,98.9,High,34,Irregular,Yes,Sedentary
040,2023-11-22 18:45:21,Shoe,87,98.7,Medium,36,Irregular,No,Stressed
055,2023-11-13 05:30:22,Ring,87,99.0,Low,72,Irregular,No,Sedentary
053,2023-11-29 13:57:13,Earring,84,97.9,Low,88,Irregular,No,Stressed
074,2023-11-17 17:37:25,Shoe,77,98.1,Low,90,Irregular,No,Stressed
045,2023-11-24 19:09:12,Ring,86,98.7,Low,89,Normal,No,Sedentary
064,2023-11-21 01:42:12,Shoe,82,98.3,Medium,57,Normal,No,Stressed
016,2023-11-29 14:07:44,Earring,89,98.9,Medium,50,Normal,No,Active
002,2023-11-20 15:21:52,Earring,102,99.3,High,73,Normal,Yes,Active
028,2023-11-16 16:36:19,Shoe,65,98.8,Medium,40,Normal,No,Sedentary
089,2023-11-15 09:41:36,Earring,84,99.0,Low,96,Irregular,No,Sedentary
039,2023-11-19 00:32:18,Earring,64,98.3,High,40,Irregular,No,Active
079,2023-11-01 11:58:51,Shoe,73,98.0,Medium,42,Normal,No,Stressed
003,2023-11-10 02:31:16,Ring,96,98.0,High,88,Irregular,No,Sedentary
046,2023-11-19 02:41:29,Earring,113,98.2,High,30,Normal,Yes,Stressed
033,2023-11-23 04:52:23,Earring,91,98.6,High,75,Normal,No,Stressed
013,2023-11-28 22:01:33,Earring,109,98.6,High,52,Normal,Yes,Stressed
093,2023-11-04 12:22:56,Earring,106,97.4,High,82,Normal,Yes,Sedentary
091,2023-11-26 11:06:26,Earring,68,99.1,Medium,89,Normal,Yes,Stressed
025,2023-11-29 21:39:21,Shoe,96,98.8,High,68,Normal,No,Calm
067,2023-11-23 12:47:50,Earring,108,98.6,Low,68,Normal,Yes,Sedentary
013,2023-11-12 21:54:36,Shoe,102,98.7,Low,92,Irregular,Yes,Sedentary
004,2023-11-24 03:31:54,Ring,96,98.2,Medium,43,Normal,No,Stressed
024,2023-11-20 06:23:43,Shoe,107,98.7,High,99,Irregular,Yes,Sedentary
021,2023-11-07 18:17:05,Earring,67,98.2,High,75,Normal,No,Calm
024,2023-11-14 23:42:11,Shoe,73,100.1,Medium,90,Normal,Yes,Sedentary
058,2023-11-28 23:11:39,Shoe,102,97.1,Low,44,Irregular,Yes,Stressed
046,2023-11-16 10:04:43,Shoe,70,98.4,Medium,56,Irregular,No,Sedentary
005,2023-11-26 15:10:00,Earring,86,99.1,Medium,44,Normal,Yes,Sedentary
072,2023-11-29 11:46:15,Shoe,175,98.3,High,71,Irregular,Yes,Active
030,2023-11-25 10:54:05,Ring,95,99.1,Medium,75,Normal,Yes,Sedentary
041,2023-11-20 15:14:48,Shoe,84,99.3,Medium,91,Irregular,Yes,Sedentary
025,2023-11-23 15:19:39,Earring,68,98.1,High,43,Irregular,No,Calm
071,2023-11-26 19:55:44,Ring,90,98.0,Low,41,Normal,No,Calm
012,2023-11-03 11:05:48,Shoe,67,99.0,High,55,Normal,No,Calm
014,2023-11-15 03:28:10,Ring,77,98.8,High,85,Normal,No,Calm
045,2023-11-14 23:04:22,Shoe,119,98.6,Medium,34,Irregular,Yes,Active
008,2023-11-10 09:51:51,Shoe,76,98.7,High,73,Normal,No,Active
053,2023-11-16 01:36:22,Earring,102,98.6,High,43,Normal,Yes,Active
023,2023-11-08 05:04:50,Shoe,96,98.7,Medium,98,Irregular,No,Calm
021,2023-11-18 13:20:34,Earring,89,97.4,High,38,Irregular,No,Calm
025,2023-11-20 06:01:27,Earring,92,98.4,High,58,Irregular,No,Stressed
046,2023-11-04 21:44:02,Ring,88,98.8,Medium,51,Irregular,No,Stressed
097,2023-11-21 06:35:43,Shoe,107,99.6,Low,91,Irregular,Yes,Stressed
050,2023-11-26 11:06:38,Shoe,64,98.5,Low,73,Normal,No,Active
089,2023-11-08 08:22:21,Shoe,97,97.9,Medium,76,Normal,No,Stressed
020,2023-11-09 01:14:11,Shoe,83,98.5,Medium,37,Irregular,No,Calm
087,2023-11-11 21:53:08,Ring,116,98.8,High,62,Irregular,Yes,Stressed
042,2023-11-17 22:57:09,Shoe,91,98.4,Medium,50,Irregular,No,Sedentary
028,2023-11-21 12:21:57,Ring,109,99.2,Low,34,Irregular,Yes,Calm
085,2023-11-06 05:56:21,Ring,78,99.3,Medium,48,Irregular,Yes,Calm
080,2023-11-13 14:35:33,Shoe,88,98.2,Medium,76,Irregular,No,Calm
026,2023-11-28 00:03:22,Earring,99,98.3,High,32,Normal,No,Sedentary
097,2023-11-14 13:39:47,Earring,88,98.9,Low,48,Irregular,No,Sedentary
062,2023-11-27 14:20:01,Ring,113,98.1,Medium,92,Normal,Yes,Calm
033,2023-11-18 19:52:55,Shoe,117,99.1,Low,42,Irregular,Yes,Calm
066,2023-11-02 11:57:06,Ring,107,98.1,High,99,Irregular,Yes,Calm
068,2023-11-09 12:53:22,Ring,116,98.0,High,80,Irregular,Yes,Calm
018,2023-11-28 16:09:27,Earring,168,98.8,High,57,Normal,Yes,Active
083,2023-11-02 19:46:42,Ring,80,98.9,Medium,97,Irregular,No,Sedentary
100,2023-11-21 12:21:16,Shoe,110,98.4,Low,89,Normal,Yes,Active
060,2023-11-06 00:24:32,Earring,114,98.8,High,41,Irregular,Yes,Calm
065,2023-11-22 12:19:19,Ring,67,99.2,Medium,53,Normal,Yes,Sedentary
075,2023-11-17 07:27:13,Shoe,119,99.1,Low,71,Normal,Yes,Sedentary
027,2023-11-08 11:58:44,Earring,83,98.4,Low,89,Normal,No,Stressed
054,2023-11-26 04:32:56,Earring,70,98.7,Low,79,Normal,No,Sedentary
097,2023-11-03 19:54:31,Earring,68,98.3,High,76,Normal,No,Stressed
025,2023-11-28 17:00:11,Shoe,93,98.7,Low,91,Normal,No,Sedentary
085,2023-11-11 08:50:37,Shoe,165,98.4,Medium,37,Irregular,Yes,Active
058,2023-11-26 12:45:15,Earring,114,99.2,Low,81,Normal,Yes,Stressed
045,2023-11-26 07:50:23,Shoe,88,99.0,High,55,Normal,No,Calm
077,2023-11-07 04:09:46,Ring,104,99.1,Medium,47,Normal,Yes,Calm
022,2023-11-28 10:14:18,Shoe,105,99.2,High,47,Normal,Yes,Stressed
008,2023-11-01 09:00:16,Ring,98,98.9,High,81,Irregular,No,Stressed
069,2023-11-20 18:23:59,Ring,100,98.6,Low,34,Normal,No,Active
073,2023-11-09 10:09:38,Shoe,168,98.7,Low,59,Normal,Yes,Active
100,2023-11-27 22:53:57,Shoe,96,98.9,Low,36,Irregular,No,Active
080,2023-11-07 03:34:32,Shoe,118,98.0,Low,34,Normal,Yes,Active
085,2023-11-21 14:30:50,Shoe,76,99.2,Medium,77,Irregular,Yes,Calm
097,2023-11-24 09:29:56,Ring,103,99.4,High,67,Irregular,Yes,Calm
046,2023-11-03 23:14:20,Earring,74,98.9,Low,56,Irregular,No,Stressed
091,2023-11-19 21:57:21,Ring,73,99.1,High,92,Irregular,Yes,Calm
044,2023-11-28 04:43:13,Shoe,125,98.2,Medium,30,Irregular,Yes,Active
031,2023-11-26 05:56:37,Shoe,74,98.3,High,45,Irregular,No,Sedentary
006,2023-11-14 15:50:43,Ring,89,98.5,Medium,34,Normal,No,Active
078,2023-11-05 14:08:38,Shoe,110,98.1,High,48,Normal,Yes,Calm
034,2023-11-12 19:22:12,Ring,102,98.9,Low,76,Normal,Yes,Stressed
006,2023-11-12 14:18:11,Earring,69,97.8,Medium,35,Irregular,No,Stressed
072,2023-11-20 22:34:21,Shoe,90,98.9,Medium,67,Normal,No,Stressed
072,2023-11-03 22:45:11,Ring,105,98.7,High,92,Normal,Yes,Stressed
036,2023-11-02 02:38:36,Shoe,99,99.3,Low,44,Irregular,Yes,Active
035,2023-11-20 22:42:53,Ring,73,99.1,Low,71,Irregular,Yes,Calm
003,2023-11-10 20:52:52,Shoe,109,98.4,High,83,Normal,Yes,Stressed
013,2023-11-05 00:55:28,Earring,97,99.5,High,95,Irregular,Yes,Stressed
079,2023-11-20 00:12:21,Earring,100,98.0,High,75,Normal,No,Active
035,2023-11-28 03:44:58,Earring,78,98.9,High,93,Irregular,No,Calm
068,2023-11-23 21:20:55,Earring,96,98.2,Low,31,Irregular,No,Calm
016,2023-11-26 14:25:44,Shoe,115,99.3,Medium,97,Normal,Yes,Calm
075,2023-11-26 20:11:27,Ring,99,98.4,High,80,Irregular,No,Active
048,2023-11-12 06:13:31,Ring,88,98.6,Medium,74,Normal,No,Calm
013,2023-11-18 21:10:05,Shoe,120,99.0,Low,32,Irregular,Yes,Sedentary
044,2023-11-08 03:52:44,Earring,108,98.4,Low,99,Irregular,Yes,Calm
002,2023-11-17 12:25:53,Earring,63,98.2,High,100,Normal,No,Stressed
044,2023-11-10 04:57:11,Shoe,94,97.9,Low,50,Normal,No,Active
088,2023-11-29 02:41:44,Shoe,86,97.4,High,72,Normal,No,Sedentary
095,2023-11-07 00:51:20,Earring,88,99.2,Medium,85,Irregular,Yes,Calm
031,2023-11-23 07:31:42,Shoe,78,99.0,Low,80,Normal,No,Stressed
033,2023-11-05 00:59:06,Shoe,71,98.5,High,94,Normal,No,Sedentary
028,2023-11-25 10:10:13,Earring,83,99.3,High,93,Normal,Yes,Calm
002,2023-11-23 07:04:03,Ring,81,98.2,Medium,36,Normal,No,Calm
064,2023-11-21 18:47:51,Earring,114,98.2,Low,48,Irregular,Yes,Active
096,2023-11-14 05:32:23,Ring,97,99.5,Medium,86,Normal,Yes,Calm
077,2023-11-02 00:19:04,Shoe,118,99.0,High,50,Irregular,Yes,Stressed
065,2023-11-03 10:05:56,Earring,81,99.0,Low,94,Normal,No,Active
062,2023-11-10 01:09:15,Ring,69,98.9,High,44,Irregular,No,Stressed
090,2023-11-18 05:09:50,Ring,126,97.6,Medium,30,Normal,Yes,Sedentary
028,2023-11-12 07:58:03,Shoe,74,98.8,Medium,65,Normal,No,Stressed
031,2023-11-15 11:28:13,Earring,89,98.5,Low,83,Irregular,No,Calm
095,2023-11-22 13:14:47,Earring,63,98.8,Low,75,Normal,No,Calm
080,2023-11-23 00:34:16,Earring,68,98.2,Medium,63,Irregular,No,Stressed
039,2023-11-25 23:09:34,Shoe,80,97.9,Medium,35,Irregular,No,Calm
014,2023-11-27 14:36:07,Ring,63,98.2,High,77,Normal,No,Stressed
032,2023-11-13 22:34:26,Shoe,103,98.1,Low,32,Irregular,Yes,Sedentary
075,2023-11-28 03:19:09,Earring,72,99.3,Low,45,Irregular,Yes,Active
076,2023-11-19 21:27:26,Earring,66,97.9,Low,65,Normal,No,Stressed
033,2023-11-01 18:57:43,Ring,99,99.2,High,86,Irregular,Yes,Stressed
094,2023-11-23 07:27:54,Shoe,76,97.9,High,65,Irregular,No,Calm
056,2023-11-22 18:01:58,Shoe,119,97.5,High,82,Normal,Yes,Sedentary
051,2023-11-07 21:51:30,Ring,96,99.2,Medium,34,Irregular,Yes,Sedentary
025,2023-11-16 00:18:26,Ring,84,98.6,Medium,75,Irregular,No,Active
014,2023-11-03 02:08:58,Earring,85,98.0,High,82,Normal,No,Calm
093,2023-11-04 14:32:49,Earring,112,98.9,High,39,Irregular,Yes,Sedentary
071,2023-11-20 18:59:20,Ring,63,98.2,Low,86,Normal,No,Stressed
047,2023-11-24 05:03:32,Earring,94,98.1,High,68,Normal,No,Sedentary
034,2023-11-26 10:58:01,Shoe,67,99.4,High,49,Irregular,Yes,Calm
056,2023-11-15 16:58:22,Shoe,75,98.1,Medium,100,Normal,No,Sedentary
067,2023-11-10 15:36:30,Earring,135,99.8,Medium,47,Irregular,Yes,Sedentary
042,2023-11-12 16:36:59,Earring,62,99.3,High,56,Normal,Yes,Sedentary
078,2023-11-27 21:43:44,Shoe,109,99.6,Medium,57,Normal,Yes,Stressed
084,2023-11-02 16:45:34,Ring,66,98.0,Medium,41,Normal,No,Stressed
063,2023-11-26 06:14:02,Ring,100,98.4,Medium,55,Irregular,No,Stressed
046,2023-11-28 04:43:51,Shoe,93,98.8,High,71,Irregular,No,Stressed
097,2023-11-06 14:37:44,Earring,118,99.1,Low,77,Normal,Yes,Sedentary
029,2023-11-19 15:17:08,Shoe,106,98.8,High,72,Irregular,Yes,Stressed
092,2023-11-24 05:44:05,Earring,72,98.3,High,30,Irregular,No,Active
080,2023-11-07 08:05:02,Ring,96,98.6,Medium,61,Normal,No,Calm
100,2023-11-06 16:16:45,Shoe,90,98.7,Low,85,Normal,No,Sedentary
005,2023-11-09 00:59:54,Earring,67,98.6,Low,74,Irregular,No,Sedentary
050,2023-11-27 08:37:12,Earring,119,99.0,Medium,68,Irregular,Yes,Stressed
044,2023-11-24 04:10:08,Ring,80,98.2,High,30,Irregular,No,Active
032,2023-11-19 20:38:44,Shoe,80,98.4,Low,44,Normal,No,Stressed
099,2023-11-15 04:36:56,Ring,83,98.6,Medium,38,Irregular,No,Calm
045,2023-11-01 13:06:33,Ring,106,98.9,High,38,Normal,Yes,Calm
095,2023-11-09 12:32:30,Shoe,75,98.3,Medium,39,Normal,No,Active
091,2023-11-13 06:55:18,Ring,111,97.8,Medium,95,Irregular,Yes,Active
062,2023-11-22 07:35:47,Earring,84,98.8,Medium,98,Irregular,No,Stressed
059,2023-11-02 22:45:29,Shoe,109,98.7,Low,94,Irregular,Yes,Active
050,2023-11-23 03:14:05,Earring,69,99.3,Low,91,Normal,Yes,Calm
095,2023-11-18 18:55:00,Shoe,63,97.9,High,71,Normal,No,Stressed
020,2023-11-15 01:12:12,Ring,74,99.1,High,88,Irregular,Yes,Active
016,2023-11-17 10:08:48,Shoe,109,100.0,Low,82,Normal,Yes,Stressed
020,2023-11-15 03:54:42,Ring,103,98.4,Low,67,Irregular,Yes,Stressed
091,2023-11-21 01:45:42,Shoe,88,99.0,High,73,Irregular,No,Stressed
034,2023-11-13 05:37:07,Shoe,120,99.1,Low,55,Irregular,Yes,Calm
046,2023-11-06 07:23:06,Shoe,105,98.1,Low,37,Irregular,Yes,Sedentary
038,2023-11-29 04:45:57,Earring,96,98.8,Medium,34,Irregular,No,Stressed
036,2023-11-29 01:43:29,Ring,112,98.1,Low,31,Normal,Yes,Sedentary
061,2023-11-25 12:23:02,Ring,96,98.1,Low,60,Irregular,No,Sedentary
092,2023-11-28 06:54:00,Ring,72,98.0,Low,85,Irregular,No,Calm
074,2023-11-05 17:14:45,Shoe,80,98.5,Low,70,Irregular,No,Sedentary
002,2023-11-19 06:55:07,Ring,83,98.8,High,67,Normal,No,Sedentary
048,2023-11-04 22:00:48,Earring,100,98.4,Medium,89,Irregular,No,Calm
035,2023-11-14 17:17:32,Ring,97,98.1,Medium,53,Normal,No,Stressed
100,2023-11-06 18:00:06,Shoe,100,98.5,High,88,Irregular,No,Calm
100,2023-11-13 18:05:30,Ring,67,99.4,Medium,94,Normal,Yes,Stressed
075,2023-11-07 09:19:18,Earring,92,99.1,Low,34,Normal,Yes,Calm
010,2023-11-25 20:27:15,Earring,83,97.9,Medium,65,Irregular,No,Active
008,2023-11-03 11:16:14,Shoe,73,98.7,High,92,Irregular,No,Active
058,2023-11-16 18:57:29,Earring,72,98.2,High,52,Normal,No,Sedentary
085,2023-11-12 01:05:00,Earring,150,99.1,Medium,55,Irregular,Yes,Calm
042,2023-11-04 18:23:19,Shoe,67,98.5,Low,62,Normal,No,Active
037,2023-11-14 18:49:02,Ring,109,98.7,Low,34,Irregular,Yes,Sedentary
031,2023-11-11 00:52:31,Shoe,79,99.4,Low,64,Irregular,Yes,Sedentary
008,2023-11-12 12:54:01,Ring,77,99.7,Medium,100,Normal,Yes,Sedentary
060,2023-11-08 22:25:30,Ring,77,98.5,High,90,Irregular,No,Calm
026,2023-11-13 21:20:34,Ring,64,98.9,Medium,64,Irregular,No,Sedentary
034,2023-11-09 23:05:49,Earring,65,98.1,Medium,95,Normal,No,Calm
046,2023-11-11 02:12:03,Shoe,103,99.6,Medium,83,Irregular,Yes,Sedentary
083,2023-11-21 09:04:52,Shoe,95,98.6,High,88,Normal,No,Stressed
043,2023-11-17 05:00:55,Shoe,84,99.1,High,91,Normal,Yes,Active
019,2023-11-13 09:46:30,Earring,120,99.0,Low,58,Irregular,Yes,Sedentary
088,2023-11-25 04:14:14,Earring,140,99.4,High,44,Normal,Yes,Sedentary
047,2023-11-01 08:13:38,Ring,80,99.9,Low,41,Normal,Yes,Stressed
099,2023-11-15 21:06:45,Ring,76,98.8,High,36,Irregular,No,Calm
039,2023-11-22 16:29:45,Shoe,72,98.5,Low,45,Normal,No,Calm
084,2023-11-10 23:18:02,Shoe,109,99.4,High,78,Normal,Yes,Stressed
004,2023-11-25 10:43:18,Earring,88,98.8,Medium,38,Irregular,No,Active
032,2023-11-08 10:40:01,Ring,88,98.7,Medium,39,Normal,No,Active
093,2023-11-19 05:23:34,Earring,93,98.9,Medium,40,Irregular,No,Calm
077,2023-11-08 20:55:50,Earring,67,98.6,High,76,Normal,No,Calm
078,2023-11-17 12:03:03,Shoe,74,98.1,Medium,81,Normal,No,Calm
059,2023-11-07 12:38:34,Earring,120,99.0,Medium,43,Irregular,Yes,Sedentary
068,2023-11-07 05:39:53,Ring,115,98.9,High,99,Normal,Yes,Stressed
047,2023-11-29 18:41:27,Shoe,80,98.4,Low,52,Normal,No,Active
089,2023-11-07 02:14:27,Earring,83,99.1,Medium,82,Normal,Yes,Sedentary
006,2023-11-16 13:59:06,Earring,69,99.3,High,89,Irregular,Yes,Stressed
078,2023-11-04 02:29:32,Shoe,104,98.3,High,68,Irregular,Yes,Sedentary
097,2023-11-04 19:31:52,Shoe,110,99.5,Low,92,Irregular,Yes,Calm
081,2023-11-02 10:51:46,Shoe,119,99.2,Medium,53,Irregular,Yes,Active
033,2023-11-27 16:39:00,Earring,91,98.2,High,30,Irregular,No,Calm
050,2023-11-01 03:53:51,Shoe,116,98.8,Low,84,Normal,Yes,Calm
018,2023-11-26 06:51:10,Earring,82,97.4,Medium,72,Irregular,No,Calm
022,2023-11-23 06:25:55,Ring,94,98.5,Low,78,Normal,No,Stressed
077,2023-11-19 11:36:38,Shoe,75,98.0,Medium,56,Normal,No,Sedentary
039,2023-11-03 19:32:01,Shoe,102,99.4,Medium,35,Irregular,Yes,Calm
080,2023-11-28 03:21:26,Ring,87,99.0,High,40,Normal,No,Stressed
093,2023-11-02 21:42:28,Ring,107,98.7,High,33,Normal,Yes,Calm
039,2023-11-10 22:03:52,Shoe,85,98.5,High,43,Irregular,No,Active
028,2023-11-01 22:50:52,Shoe,133,98.8,Medium,65,Normal,Yes,Sedentary
036,2023-11-15 21:14:50,Ring,88,99.7,Low,58,Irregular,Yes,Stressed
027,2023-11-13 06:39:07,Earring,113,98.6,High,58,Normal,Yes,Active
001,2023-11-01 14:35:38,Ring,94,98.7,High,60,Irregular,No,Sedentary
060,2023-11-18 15:42:38,Shoe,68,98.5,Medium,40,Irregular,No,Active
075,2023-11-12 04:52:43,Ring,74,99.0,Low,88,Irregular,No,Active
048,2023-11-18 17:26:27,Ring,120,97.5,Low,84,Irregular,Yes,Stressed
061,2023-11-27 19:50:37,Ring,84,99.2,High,44,Normal,Yes,Active
057,2023-11-19 05:53:40,Ring,113,98.3,Low,39,Normal,Yes,Active
054,2023-11-21 20:03:24,Shoe,96,99.1,Low,82,Normal,Yes,Calm
062,2023-11-10 09:11:44,Earring,60,98.1,Low,63,Normal,No,Active
018,2023-11-02 09:31:14,Ring,144,99.1,Medium,50,Normal,Yes,Stressed
047,2023-11-07 21:34:18,Shoe,71,98.4,High,100,Normal,No,Stressed
011,2023-11-13 20:33:50,Shoe,86,98.0,Low,80,Normal,No,Sedentary
011,2023-11-17 01:05:52,Earring,93,98.3,Medium,82,Irregular,No,Active
022,2023-11-27 04:34:23,Ring,109,98.0,High,93,Normal,Yes,Stressed
038,2023-11-16 02:57:39,Shoe,93,98.7,Medium,69,Normal,No,Sedentary
025,2023-11-22 21:21:31,Shoe,65,99.3,Low,94,Normal,Yes,Stressed
056,2023-11-13 20:32:52,Earring,73,99.2,High,76,Normal,Yes,Stressed
053,2023-11-29 03:39:38,Ring,80,99.0,Low,43,Normal,No,Stressed
094,2023-11-23 01:37:10,Ring,81,97.5,High,68,Irregular,No,Active
014,2023-11-13 15:30:43,Ring,71,99.2,Low,72,Normal,Yes,Sedentary
025,2023-11-21 08:47:25,Ring,71,98.5,Low,40,Normal,No,Stressed
027,2023-11-09 17:04:16,Earring,92,98.3,Medium,82,Irregular,No,Calm
025,2023-11-19 17:20:07,Earring,73,97.6,High,31,Normal,No,Stressed
068,2023-11-21 22:19:41,Earring,64,98.8,Low,60,Normal,No,Active
009,2023-11-18 03:53:39,Ring,119,98.8,High,37,Irregular,Yes,Sedentary
064,2023-11-05 10:24:26,Ring,63,99.2,High,94,Normal,Yes,Calm
048,2023-11-18 10:31:21,Shoe,106,98.5,High,88,Irregular,Yes,Stressed
093,2023-11-05 04:06:28,Shoe,69,98.6,High,72,Normal,No,Active
029,2023-11-19 12:42:24,Ring,119,98.3,Low,47,Irregular,Yes,Stressed
098,2023-11-04 03:37:11,Ring,105,98.9,High,45,Normal,Yes,Active
062,2023-11-09 15:22:22,Earring,98,97.0,Low,70,Normal,No,Sedentary
049,2023-11-14 17:19:07,Ring,92,98.8,Medium,63,Irregular,No,Stressed
037,2023-11-05 17:47:19,Ring,102,98.7,Low,87,Irregular,Yes,Sedentary
097,2023-11-02 13:13:10,Earring,112,98.6,Medium,48,Irregular,Yes,Stressed
062,2023-11-04 19:11:39,Earring,98,98.4,Medium,84,Normal,No,Sedentary
013,2023-11-07 04:47:19,Ring,90,98.7,Low,96,Normal,No,Active
096,2023-11-26 20:25:49,Ring,115,99.2,High,83,Irregular,Yes,Calm
015,2023-11-10 00:05:37,Ring,68,98.7,Low,47,Normal,No,Calm
